
C:\Users\yuri58381686\Downloads\sistema-escalas\backend>if "Windows_NT" == "Windows_NT" setlocal

C:\Users\yuri58381686\Downloads\sistema-escalas\backend>set DIRNAME=C:\Users\yuri58381686\Downloads\sistema-escalas\backend\ 

C:\Users\yuri58381686\Downloads\sistema-escalas\backend>if "C:\Users\yuri58381686\Downloads\sistema-escalas\backend\" == "" set DIRNAME=. 

C:\Users\yuri58381686\Downloads\sistema-escalas\backend>set APP_BASE_NAME=gradlew 

C:\Users\yuri58381686\Downloads\sistema-escalas\backend>set APP_HOME=C:\Users\yuri58381686\Downloads\sistema-escalas\backend\ 

C:\Users\yuri58381686\Downloads\sistema-escalas\backend>for %i in ("C:\Users\yuri58381686\Downloads\sistema-escalas\backend\") do set APP_HOME=%~fi 

C:\Users\yuri58381686\Downloads\sistema-escalas\backend>set APP_HOME=C:\Users\yuri58381686\Downloads\sistema-escalas\backend\ 

C:\Users\yuri58381686\Downloads\sistema-escalas\backend>set DEFAULT_JVM_OPTS="-Xmx64m" "-Xms64m" 

C:\Users\yuri58381686\Downloads\sistema-escalas\backend>if defined JAVA_HOME goto findJavaFromJavaHome 

C:\Users\yuri58381686\Downloads\sistema-escalas\backend>set JAVA_HOME=C:\Program Files\Java\jdk-20 

C:\Users\yuri58381686\Downloads\sistema-escalas\backend>set JAVA_EXE=C:\Program Files\Java\jdk-20/bin/java.exe 

C:\Users\yuri58381686\Downloads\sistema-escalas\backend>if exist "C:\Program Files\Java\jdk-20/bin/java.exe" goto execute 

C:\Users\yuri58381686\Downloads\sistema-escalas\backend>"C:\Program Files\Java\jdk-20/bin/java.exe" "-Xmx64m" "-Xms64m"   "-Dorg.gradle.appname=gradlew" -jar "C:\Users\yuri58381686\Downloads\sistema-escalas\backend\\gradle\wrapper\gradle-wrapper.jar" bootRun 
> Task :compileJava UP-TO-DATE
> Task :processResources UP-TO-DATE
> Task :classes UP-TO-DATE
> Task :resolveMainClassName UP-TO-DATE

> Task :bootRun

  .   ____          _            __ _ _
 /\\ / ___'_ __ _ _(_)_ __  __ _ \ \ \ \
( ( )\___ | '_ | '_| | '_ \/ _` | \ \ \ \
 \\/  ___)| |_)| | | | | || (_| |  ) ) ) )
  '  |____| .__|_| |_|_| |_\__, | / / / /
 =========|_|==============|___/=/_/_/_/

 :: Spring Boot ::                (v3.5.6)

2026-04-29T17:14:15.776-03:00  INFO 109320 --- [escala-shekinah] [           main] b.com.escalas.EscalaShekinahApplication  : Starting EscalaShekinahApplication using Java 17.0.18 with PID 109320 (C:\Users\yuri58381686\Downloads\sistema-escalas\backend\build\classes\java\main started by yuri58381686 in C:\Users\yuri58381686\Downloads\sistema-escalas\backend)
2026-04-29T17:14:15.778-03:00  INFO 109320 --- [escala-shekinah] [           main] b.com.escalas.EscalaShekinahApplication  : The following 1 profile is active: "local"
2026-04-29T17:14:15.778-03:00 DEBUG 109320 --- [escala-shekinah] [           main] o.s.boot.SpringApplication               : Loading source class br.com.escalas.EscalaShekinahApplication
2026-04-29T17:14:15.803-03:00 DEBUG 109320 --- [escala-shekinah] [           main] ConfigServletWebServerApplicationContext : Refreshing org.springframework.boot.web.servlet.context.AnnotationConfigServletWebServerApplicationContext@58594a11
2026-04-29T17:14:16.230-03:00  INFO 109320 --- [escala-shekinah] [           main] .s.d.r.c.RepositoryConfigurationDelegate : Bootstrapping Spring Data JPA repositories in DEFAULT mode.
2026-04-29T17:14:16.241-03:00 DEBUG 109320 --- [escala-shekinah] [           main] o.s.b.a.AutoConfigurationPackages        : @EnableAutoConfiguration was declared on a class in the package 'br.com.escalas'. Automatic @Repository and @Entity scanning is enabled.
2026-04-29T17:14:16.283-03:00  INFO 109320 --- [escala-shekinah] [           main] .s.d.r.c.RepositoryConfigurationDelegate : Finished Spring Data repository scanning in 49 ms. Found 5 JPA repository interfaces.
2026-04-29T17:14:16.677-03:00 DEBUG 109320 --- [escala-shekinah] [           main] .s.b.w.e.t.TomcatServletWebServerFactory : Code archive: C:\Users\yuri58381686\.gradle\caches\modules-2\files-2.1\org.springframework.boot\spring-boot\3.5.6\a02f486ab700dad1f81e54cb37651d92a3f9d700\spring-boot-3.5.6.jar
2026-04-29T17:14:16.677-03:00 DEBUG 109320 --- [escala-shekinah] [           main] .s.b.w.e.t.TomcatServletWebServerFactory : Code archive: C:\Users\yuri58381686\.gradle\caches\modules-2\files-2.1\org.springframework.boot\spring-boot\3.5.6\a02f486ab700dad1f81e54cb37651d92a3f9d700\spring-boot-3.5.6.jar
2026-04-29T17:14:16.678-03:00 DEBUG 109320 --- [escala-shekinah] [           main] .s.b.w.e.t.TomcatServletWebServerFactory : None of the document roots [src/main/webapp, public, static] point to a directory and will be ignored.
2026-04-29T17:14:16.695-03:00  INFO 109320 --- [escala-shekinah] [           main] o.s.b.w.embedded.tomcat.TomcatWebServer  : Tomcat initialized with port 8081 (http)
2026-04-29T17:14:16.703-03:00  INFO 109320 --- [escala-shekinah] [           main] o.apache.catalina.core.StandardService   : Starting service [Tomcat]
2026-04-29T17:14:16.703-03:00  INFO 109320 --- [escala-shekinah] [           main] o.apache.catalina.core.StandardEngine    : Starting Servlet engine: [Apache Tomcat/10.1.46]
2026-04-29T17:14:16.763-03:00  INFO 109320 --- [escala-shekinah] [           main] o.a.c.c.C.[Tomcat].[localhost].[/]       : Initializing Spring embedded WebApplicationContext
2026-04-29T17:14:16.763-03:00 DEBUG 109320 --- [escala-shekinah] [           main] w.s.c.ServletWebServerApplicationContext : Published root WebApplicationContext as ServletContext attribute with name [org.springframework.web.context.WebApplicationContext.ROOT]
2026-04-29T17:14:16.763-03:00  INFO 109320 --- [escala-shekinah] [           main] w.s.c.ServletWebServerApplicationContext : Root WebApplicationContext: initialization completed in 960 ms
2026-04-29T17:14:16.903-03:00  INFO 109320 --- [escala-shekinah] [           main] com.zaxxer.hikari.HikariDataSource       : HikariPool-1 - Starting...
2026-04-29T17:14:17.018-03:00  INFO 109320 --- [escala-shekinah] [           main] com.zaxxer.hikari.pool.HikariPool        : HikariPool-1 - Added connection com.mysql.cj.jdbc.ConnectionImpl@5e3db14
2026-04-29T17:14:17.022-03:00  INFO 109320 --- [escala-shekinah] [           main] com.zaxxer.hikari.HikariDataSource       : HikariPool-1 - Start completed.
2026-04-29T17:14:17.107-03:00  INFO 109320 --- [escala-shekinah] [           main] org.flywaydb.core.FlywayExecutor         : Database: jdbc:mysql://localhost:3306/escala_shekinah?createDatabaseIfNotExist=true&useSSL=false&allowPublicKeyRetrieval=true&serverTimezone=America/Sao_Paulo (MySQL 5.5)
2026-04-29T17:14:17.146-03:00  INFO 109320 --- [escala-shekinah] [           main] o.f.core.internal.command.DbValidate     : Successfully validated 1 migration (execution time 00:00.022s)
2026-04-29T17:14:17.154-03:00  INFO 109320 --- [escala-shekinah] [           main] o.f.core.internal.command.DbMigrate      : Current version of schema `escala_shekinah`: 1
2026-04-29T17:14:17.156-03:00  INFO 109320 --- [escala-shekinah] [           main] o.f.core.internal.command.DbMigrate      : Schema `escala_shekinah` is up to date. No migration necessary.
2026-04-29T17:14:17.206-03:00  INFO 109320 --- [escala-shekinah] [           main] o.hibernate.jpa.internal.util.LogHelper  : HHH000204: Processing PersistenceUnitInfo [name: default]
2026-04-29T17:14:17.245-03:00  INFO 109320 --- [escala-shekinah] [           main] org.hibernate.Version                    : HHH000412: Hibernate ORM core version 6.6.29.Final
2026-04-29T17:14:17.273-03:00  INFO 109320 --- [escala-shekinah] [           main] o.h.c.internal.RegionFactoryInitiator    : HHH000026: Second-level cache disabled
2026-04-29T17:14:17.474-03:00  INFO 109320 --- [escala-shekinah] [           main] o.s.o.j.p.SpringPersistenceUnitInfo      : No LoadTimeWeaver setup: ignoring JPA class transformer
2026-04-29T17:14:17.519-03:00  WARN 109320 --- [escala-shekinah] [           main] org.hibernate.dialect.Dialect            : HHH000511: The 5.5.5 version for [org.hibernate.dialect.MySQLDialect] is no longer supported, hence certain features may not work properly. The minimum supported version is 8.0.0. Check the community dialects project for available legacy versions.
2026-04-29T17:14:17.530-03:00  INFO 109320 --- [escala-shekinah] [           main] org.hibernate.orm.connections.pooling    : HHH10001005: Database info:
	Database JDBC URL [Connecting through datasource 'HikariDataSource (HikariPool-1)']
	Database driver: undefined/unknown
	Database version: 5.5.5
	Autocommit mode: undefined/unknown
	Isolation level: undefined/unknown
	Minimum pool size: undefined/unknown
	Maximum pool size: undefined/unknown
2026-04-29T17:14:18.196-03:00  INFO 109320 --- [escala-shekinah] [           main] o.h.e.t.j.p.i.JtaPlatformInitiator       : HHH000489: No JTA platform available (set 'hibernate.transaction.jta.platform' to enable JTA platform integration)
2026-04-29T17:14:18.397-03:00  INFO 109320 --- [escala-shekinah] [           main] j.LocalContainerEntityManagerFactoryBean : Initialized JPA EntityManagerFactory for persistence unit 'default'
2026-04-29T17:14:18.584-03:00 DEBUG 109320 --- [escala-shekinah] [           main] o.s.b.w.s.ServletContextInitializerBeans : Mapping filters: springSecurityFilterChain urls=[/*] order=-100, characterEncodingFilter urls=[/*] order=-2147483648, formContentFilter urls=[/*] order=-9900, requestContextFilter urls=[/*] order=-105, jwtAuthenticationFilter urls=[/*] order=2147483647
2026-04-29T17:14:18.584-03:00 DEBUG 109320 --- [escala-shekinah] [           main] o.s.b.w.s.ServletContextInitializerBeans : Mapping servlets: dispatcherServlet urls=[/]
2026-04-29T17:14:18.602-03:00 DEBUG 109320 --- [escala-shekinah] [           main] o.s.b.w.s.f.OrderedRequestContextFilter  : Filter 'requestContextFilter' configured for use
2026-04-29T17:14:18.603-03:00 DEBUG 109320 --- [escala-shekinah] [           main] s.b.w.s.f.OrderedCharacterEncodingFilter : Filter 'characterEncodingFilter' configured for use
2026-04-29T17:14:18.603-03:00 DEBUG 109320 --- [escala-shekinah] [           main] .DelegatingFilterProxyRegistrationBean$1 : Filter 'springSecurityFilterChain' configured for use
2026-04-29T17:14:18.604-03:00 DEBUG 109320 --- [escala-shekinah] [           main] o.s.b.w.s.f.OrderedFormContentFilter     : Filter 'formContentFilter' configured for use
2026-04-29T17:14:18.645-03:00  INFO 109320 --- [escala-shekinah] [           main] eAuthenticationProviderManagerConfigurer : Global AuthenticationManager configured with AuthenticationProvider bean with name authenticationProvider
2026-04-29T17:14:18.645-03:00  WARN 109320 --- [escala-shekinah] [           main] r$InitializeUserDetailsManagerConfigurer : Global AuthenticationManager configured with an AuthenticationProvider bean. UserDetailsService beans will not be used by Spring Security for automatically configuring username/password login. Consider removing the AuthenticationProvider bean. Alternatively, consider using the UserDetailsService in a manually instantiated DaoAuthenticationProvider. If the current configuration is intentional, to turn off this warning, increase the logging level of 'org.springframework.security.config.annotation.authentication.configuration.InitializeUserDetailsBeanManagerConfigurer' to ERROR
2026-04-29T17:14:18.871-03:00 DEBUG 109320 --- [escala-shekinah] [           main] s.w.s.m.m.a.RequestMappingHandlerMapping : 25 mappings in 'requestMappingHandlerMapping'
2026-04-29T17:14:18.922-03:00 DEBUG 109320 --- [escala-shekinah] [           main] o.s.w.s.handler.SimpleUrlHandlerMapping  : Patterns [/webjars/**, /**] in 'resourceHandlerMapping'
2026-04-29T17:14:18.976-03:00 DEBUG 109320 --- [escala-shekinah] [           main] s.w.s.m.m.a.RequestMappingHandlerAdapter : ControllerAdvice beans: 0 @ModelAttribute, 0 @InitBinder, 1 RequestBodyAdvice, 1 ResponseBodyAdvice
2026-04-29T17:14:19.007-03:00 DEBUG 109320 --- [escala-shekinah] [           main] .m.m.a.ExceptionHandlerExceptionResolver : ControllerAdvice beans: 1 @ExceptionHandler, 1 ResponseBodyAdvice
2026-04-29T17:14:19.093-03:00  WARN 109320 --- [escala-shekinah] [           main] ConfigServletWebServerApplicationContext : Exception encountered during context initialization - cancelling refresh attempt: org.springframework.context.ApplicationContextException: Failed to start bean 'webServerStartStop'
2026-04-29T17:14:19.094-03:00  INFO 109320 --- [escala-shekinah] [           main] j.LocalContainerEntityManagerFactoryBean : Closing JPA EntityManagerFactory for persistence unit 'default'
2026-04-29T17:14:19.096-03:00  INFO 109320 --- [escala-shekinah] [           main] com.zaxxer.hikari.HikariDataSource       : HikariPool-1 - Shutdown initiated...
2026-04-29T17:14:19.100-03:00  INFO 109320 --- [escala-shekinah] [           main] com.zaxxer.hikari.HikariDataSource       : HikariPool-1 - Shutdown completed.
2026-04-29T17:14:19.109-03:00 DEBUG 109320 --- [escala-shekinah] [           main] .s.b.a.l.ConditionEvaluationReportLogger : 


============================
CONDITIONS EVALUATION REPORT
============================


Positive matches:
-----------------

   AopAutoConfiguration matched:
      - @ConditionalOnBooleanProperty (spring.aop.auto=true) matched (OnPropertyCondition)

   AopAutoConfiguration.AspectJAutoProxyingConfiguration matched:
      - @ConditionalOnClass found required class 'org.aspectj.weaver.Advice' (OnClassCondition)

   AopAutoConfiguration.AspectJAutoProxyingConfiguration.CglibAutoProxyConfiguration matched:
      - @ConditionalOnBooleanProperty (spring.aop.proxy-target-class=true) matched (OnPropertyCondition)

   ApplicationAvailabilityAutoConfiguration#applicationAvailability matched:
      - @ConditionalOnMissingBean (types: org.springframework.boot.availability.ApplicationAvailability; SearchStrategy: all) did not find any beans (OnBeanCondition)

   DataSourceAutoConfiguration matched:
      - @ConditionalOnClass found required classes 'javax.sql.DataSource', 'org.springframework.jdbc.datasource.embedded.EmbeddedDatabaseType' (OnClassCondition)
      - @ConditionalOnMissingBean (types: ?; SearchStrategy: all) did not find any beans (OnBeanCondition)

   DataSourceAutoConfiguration.PooledDataSourceConfiguration matched:
      - AnyNestedCondition 1 matched 1 did not; NestedCondition on DataSourceAutoConfiguration.PooledDataSourceCondition.PooledDataSourceAvailable PooledDataSource found supported DataSource; NestedCondition on DataSourceAutoConfiguration.PooledDataSourceCondition.ExplicitType @ConditionalOnProperty (spring.datasource.type) did not find property 'spring.datasource.type' (DataSourceAutoConfiguration.PooledDataSourceCondition)
      - @ConditionalOnMissingBean (types: javax.sql.DataSource,javax.sql.XADataSource; SearchStrategy: all) did not find any beans (OnBeanCondition)

   DataSourceAutoConfiguration.PooledDataSourceConfiguration#jdbcConnectionDetails matched:
      - @ConditionalOnMissingBean (types: org.springframework.boot.autoconfigure.jdbc.JdbcConnectionDetails; SearchStrategy: all) did not find any beans (OnBeanCondition)

   DataSourceConfiguration.Hikari matched:
      - @ConditionalOnClass found required class 'com.zaxxer.hikari.HikariDataSource' (OnClassCondition)
      - @ConditionalOnProperty (spring.datasource.type=com.zaxxer.hikari.HikariDataSource) matched (OnPropertyCondition)
      - @ConditionalOnMissingBean (types: javax.sql.DataSource; SearchStrategy: all) did not find any beans (OnBeanCondition)

   DataSourceInitializationConfiguration matched:
      - @ConditionalOnClass found required class 'org.springframework.jdbc.datasource.init.DatabasePopulator' (OnClassCondition)
      - @ConditionalOnSingleCandidate (types: javax.sql.DataSource; SearchStrategy: all) found a single bean 'dataSource'; @ConditionalOnMissingBean (types: org.springframework.boot.autoconfigure.sql.init.SqlDataSourceScriptDatabaseInitializer,org.springframework.boot.autoconfigure.sql.init.SqlR2dbcScriptDatabaseInitializer; SearchStrategy: all) did not find any beans (OnBeanCondition)

   DataSourcePoolMetadataProvidersConfiguration.HikariPoolDataSourceMetadataProviderConfiguration matched:
      - @ConditionalOnClass found required class 'com.zaxxer.hikari.HikariDataSource' (OnClassCondition)

   DataSourceTransactionManagerAutoConfiguration matched:
      - @ConditionalOnClass found required classes 'javax.sql.DataSource', 'org.springframework.jdbc.core.JdbcTemplate', 'org.springframework.transaction.TransactionManager' (OnClassCondition)

   DataSourceTransactionManagerAutoConfiguration.JdbcTransactionManagerConfiguration matched:
      - @ConditionalOnSingleCandidate (types: javax.sql.DataSource; SearchStrategy: all) found a single bean 'dataSource' (OnBeanCondition)

   DispatcherServletAutoConfiguration matched:
      - @ConditionalOnClass found required class 'org.springframework.web.servlet.DispatcherServlet' (OnClassCondition)
      - found 'session' scope (OnWebApplicationCondition)

   DispatcherServletAutoConfiguration.DispatcherServletConfiguration matched:
      - @ConditionalOnClass found required class 'jakarta.servlet.ServletRegistration' (OnClassCondition)
      - Default DispatcherServlet did not find dispatcher servlet beans (DispatcherServletAutoConfiguration.DefaultDispatcherServletCondition)

   DispatcherServletAutoConfiguration.DispatcherServletRegistrationConfiguration matched:
      - @ConditionalOnClass found required class 'jakarta.servlet.ServletRegistration' (OnClassCondition)
      - DispatcherServlet Registration did not find servlet registration bean (DispatcherServletAutoConfiguration.DispatcherServletRegistrationCondition)

   DispatcherServletAutoConfiguration.DispatcherServletRegistrationConfiguration#dispatcherServletRegistration matched:
      - @ConditionalOnBean (names: dispatcherServlet types: org.springframework.web.servlet.DispatcherServlet; SearchStrategy: all) found bean 'dispatcherServlet' (OnBeanCondition)

   EmbeddedWebServerFactoryCustomizerAutoConfiguration matched:
      - @ConditionalOnWebApplication (required) found 'session' scope (OnWebApplicationCondition)
      - @ConditionalOnWarDeployment the application is not deployed as a WAR file. (OnWarDeploymentCondition)

   EmbeddedWebServerFactoryCustomizerAutoConfiguration.TomcatWebServerFactoryCustomizerConfiguration matched:
      - @ConditionalOnClass found required classes 'org.apache.catalina.startup.Tomcat', 'org.apache.coyote.UpgradeProtocol' (OnClassCondition)

   ErrorMvcAutoConfiguration matched:
      - @ConditionalOnClass found required classes 'jakarta.servlet.Servlet', 'org.springframework.web.servlet.DispatcherServlet' (OnClassCondition)
      - found 'session' scope (OnWebApplicationCondition)

   ErrorMvcAutoConfiguration#basicErrorController matched:
      - @ConditionalOnMissingBean (types: org.springframework.boot.web.servlet.error.ErrorController; SearchStrategy: current) did not find any beans (OnBeanCondition)

   ErrorMvcAutoConfiguration#errorAttributes matched:
      - @ConditionalOnMissingBean (types: org.springframework.boot.web.servlet.error.ErrorAttributes; SearchStrategy: current) did not find any beans (OnBeanCondition)

   ErrorMvcAutoConfiguration.DefaultErrorViewResolverConfiguration#conventionErrorViewResolver matched:
      - @ConditionalOnBean (types: org.springframework.web.servlet.DispatcherServlet; SearchStrategy: all) found bean 'dispatcherServlet'; @ConditionalOnMissingBean (types: org.springframework.boot.autoconfigure.web.servlet.error.ErrorViewResolver; SearchStrategy: all) did not find any beans (OnBeanCondition)

   ErrorMvcAutoConfiguration.WhitelabelErrorViewConfiguration matched:
      - @ConditionalOnBooleanProperty (server.error.whitelabel.enabled=true) matched (OnPropertyCondition)
      - ErrorTemplate Missing did not find error template view (ErrorMvcAutoConfiguration.ErrorTemplateMissingCondition)

   ErrorMvcAutoConfiguration.WhitelabelErrorViewConfiguration#beanNameViewResolver matched:
      - @ConditionalOnMissingBean (types: org.springframework.web.servlet.view.BeanNameViewResolver; SearchStrategy: all) did not find any beans (OnBeanCondition)

   ErrorMvcAutoConfiguration.WhitelabelErrorViewConfiguration#defaultErrorView matched:
      - @ConditionalOnMissingBean (names: error; SearchStrategy: all) did not find any beans (OnBeanCondition)

   FlywayAutoConfiguration matched:
      - @ConditionalOnClass found required class 'org.flywaydb.core.Flyway' (OnClassCondition)
      - @ConditionalOnBooleanProperty (spring.flyway.enabled=true) matched (OnPropertyCondition)
      - AnyNestedCondition 2 matched 1 did not; NestedCondition on FlywayAutoConfiguration.FlywayDataSourceCondition.FlywayUrlCondition @ConditionalOnProperty (spring.flyway.url) did not find property 'spring.flyway.url'; NestedCondition on FlywayAutoConfiguration.FlywayDataSourceCondition.JdbcConnectionDetailsCondition @ConditionalOnBean (types: org.springframework.boot.autoconfigure.jdbc.JdbcConnectionDetails; SearchStrategy: all) found bean 'jdbcConnectionDetails'; NestedCondition on FlywayAutoConfiguration.FlywayDataSourceCondition.DataSourceBeanCondition @ConditionalOnBean (types: javax.sql.DataSource; SearchStrategy: all) found bean 'dataSource' (FlywayAutoConfiguration.FlywayDataSourceCondition)

   FlywayAutoConfiguration.FlywayConfiguration matched:
      - @ConditionalOnClass found required class 'org.springframework.jdbc.support.JdbcUtils' (OnClassCondition)
      - @ConditionalOnMissingBean (types: org.flywaydb.core.Flyway; SearchStrategy: all) did not find any beans (OnBeanCondition)

   FlywayAutoConfiguration.FlywayConfiguration#flywayConnectionDetails matched:
      - @ConditionalOnMissingBean (types: org.springframework.boot.autoconfigure.flyway.FlywayConnectionDetails; SearchStrategy: all) did not find any beans (OnBeanCondition)

   FlywayAutoConfiguration.FlywayConfiguration#flywayInitializer matched:
      - @ConditionalOnMissingBean (types: org.springframework.boot.autoconfigure.flyway.FlywayMigrationInitializer; SearchStrategy: all) did not find any beans (OnBeanCondition)

   GenericCacheConfiguration matched:
      - Cache org.springframework.boot.autoconfigure.cache.GenericCacheConfiguration automatic cache type (CacheCondition)

   HibernateJpaAutoConfiguration matched:
      - @ConditionalOnClass found required classes 'org.springframework.orm.jpa.LocalContainerEntityManagerFactoryBean', 'jakarta.persistence.EntityManager', 'org.hibernate.engine.spi.SessionImplementor' (OnClassCondition)

   HibernateJpaConfiguration matched:
      - @ConditionalOnSingleCandidate (types: javax.sql.DataSource; SearchStrategy: all) found a single bean 'dataSource' (OnBeanCondition)

   HttpClientAutoConfiguration matched:
      - @ConditionalOnClass found required class 'org.springframework.http.client.ClientHttpRequestFactory' (OnClassCondition)
      - NoneNestedConditions 0 matched 1 did not; NestedCondition on NotReactiveWebApplicationCondition.ReactiveWebApplication did not find reactive web application classes (NotReactiveWebApplicationCondition)

   HttpClientAutoConfiguration#clientHttpRequestFactoryBuilder matched:
      - @ConditionalOnMissingBean (types: org.springframework.boot.http.client.ClientHttpRequestFactoryBuilder<?>; SearchStrategy: all) did not find any beans (OnBeanCondition)

   HttpClientAutoConfiguration#clientHttpRequestFactorySettings matched:
      - @ConditionalOnMissingBean (types: org.springframework.boot.http.client.ClientHttpRequestFactorySettings; SearchStrategy: all) did not find any beans (OnBeanCondition)

   HttpEncodingAutoConfiguration matched:
      - @ConditionalOnClass found required class 'org.springframework.web.filter.CharacterEncodingFilter' (OnClassCondition)
      - found 'session' scope (OnWebApplicationCondition)
      - @ConditionalOnBooleanProperty (server.servlet.encoding.enabled=true) matched (OnPropertyCondition)

   HttpEncodingAutoConfiguration#characterEncodingFilter matched:
      - @ConditionalOnMissingBean (types: org.springframework.web.filter.CharacterEncodingFilter; SearchStrategy: all) did not find any beans (OnBeanCondition)

   HttpMessageConvertersAutoConfiguration matched:
      - @ConditionalOnClass found required class 'org.springframework.http.converter.HttpMessageConverter' (OnClassCondition)
      - NoneNestedConditions 0 matched 1 did not; NestedCondition on HttpMessageConvertersAutoConfiguration.NotReactiveWebApplicationCondition.ReactiveWebApplication did not find reactive web application classes (HttpMessageConvertersAutoConfiguration.NotReactiveWebApplicationCondition)

   HttpMessageConvertersAutoConfiguration#messageConverters matched:
      - @ConditionalOnMissingBean (types: org.springframework.boot.autoconfigure.http.HttpMessageConverters; SearchStrategy: all) did not find any beans (OnBeanCondition)

   HttpMessageConvertersAutoConfiguration.StringHttpMessageConverterConfiguration matched:
      - @ConditionalOnClass found required class 'org.springframework.http.converter.StringHttpMessageConverter' (OnClassCondition)

   HttpMessageConvertersAutoConfiguration.StringHttpMessageConverterConfiguration#stringHttpMessageConverter matched:
      - @ConditionalOnMissingBean (types: org.springframework.http.converter.StringHttpMessageConverter; SearchStrategy: all) did not find any beans (OnBeanCondition)

   JacksonAutoConfiguration matched:
      - @ConditionalOnClass found required class 'com.fasterxml.jackson.databind.ObjectMapper' (OnClassCondition)

   JacksonAutoConfiguration.Jackson2ObjectMapperBuilderCustomizerConfiguration matched:
      - @ConditionalOnClass found required class 'org.springframework.http.converter.json.Jackson2ObjectMapperBuilder' (OnClassCondition)

   JacksonAutoConfiguration.JacksonObjectMapperBuilderConfiguration matched:
      - @ConditionalOnClass found required class 'org.springframework.http.converter.json.Jackson2ObjectMapperBuilder' (OnClassCondition)

   JacksonAutoConfiguration.JacksonObjectMapperBuilderConfiguration#jacksonObjectMapperBuilder matched:
      - @ConditionalOnMissingBean (types: org.springframework.http.converter.json.Jackson2ObjectMapperBuilder; SearchStrategy: all) did not find any beans (OnBeanCondition)

   JacksonAutoConfiguration.JacksonObjectMapperConfiguration matched:
      - @ConditionalOnClass found required class 'org.springframework.http.converter.json.Jackson2ObjectMapperBuilder' (OnClassCondition)

   JacksonAutoConfiguration.JacksonObjectMapperConfiguration#jacksonObjectMapper matched:
      - @ConditionalOnMissingBean (types: com.fasterxml.jackson.databind.ObjectMapper; SearchStrategy: all) did not find any beans (OnBeanCondition)

   JacksonAutoConfiguration.ParameterNamesModuleConfiguration matched:
      - @ConditionalOnClass found required class 'com.fasterxml.jackson.module.paramnames.ParameterNamesModule' (OnClassCondition)

   JacksonAutoConfiguration.ParameterNamesModuleConfiguration#parameterNamesModule matched:
      - @ConditionalOnMissingBean (types: com.fasterxml.jackson.module.paramnames.ParameterNamesModule; SearchStrategy: all) did not find any beans (OnBeanCondition)

   JacksonHttpMessageConvertersConfiguration.MappingJackson2HttpMessageConverterConfiguration matched:
      - @ConditionalOnClass found required class 'com.fasterxml.jackson.databind.ObjectMapper' (OnClassCondition)
      - @ConditionalOnPreferredJsonMapper JACKSON no property was configured and Jackson is the default (OnPreferredJsonMapperCondition)
      - @ConditionalOnBean (types: com.fasterxml.jackson.databind.ObjectMapper; SearchStrategy: all) found bean 'jacksonObjectMapper' (OnBeanCondition)

   JacksonHttpMessageConvertersConfiguration.MappingJackson2HttpMessageConverterConfiguration#mappingJackson2HttpMessageConverter matched:
      - @ConditionalOnMissingBean (types: org.springframework.http.converter.json.MappingJackson2HttpMessageConverter ignored: ?; SearchStrategy: all) did not find any beans (OnBeanCondition)

   JdbcClientAutoConfiguration matched:
      - @ConditionalOnSingleCandidate (types: org.springframework.jdbc.core.namedparam.NamedParameterJdbcTemplate; SearchStrategy: all) found a single bean 'namedParameterJdbcTemplate'; @ConditionalOnMissingBean (types: org.springframework.jdbc.core.simple.JdbcClient; SearchStrategy: all) did not find any beans (OnBeanCondition)

   JdbcTemplateAutoConfiguration matched:
      - @ConditionalOnClass found required classes 'javax.sql.DataSource', 'org.springframework.jdbc.core.JdbcTemplate' (OnClassCondition)
      - @ConditionalOnSingleCandidate (types: javax.sql.DataSource; SearchStrategy: all) found a single bean 'dataSource' (OnBeanCondition)

   JdbcTemplateConfiguration matched:
      - @ConditionalOnMissingBean (types: org.springframework.jdbc.core.JdbcOperations; SearchStrategy: all) did not find any beans (OnBeanCondition)

   JpaBaseConfiguration#entityManagerFactory matched:
      - @ConditionalOnMissingBean (types: org.springframework.orm.jpa.LocalContainerEntityManagerFactoryBean,jakarta.persistence.EntityManagerFactory; SearchStrategy: all) did not find any beans (OnBeanCondition)

   JpaBaseConfiguration#entityManagerFactoryBuilder matched:
      - @ConditionalOnMissingBean (types: org.springframework.boot.orm.jpa.EntityManagerFactoryBuilder; SearchStrategy: all) did not find any beans (OnBeanCondition)

   JpaBaseConfiguration#jpaVendorAdapter matched:
      - @ConditionalOnMissingBean (types: org.springframework.orm.jpa.JpaVendorAdapter; SearchStrategy: all) did not find any beans (OnBeanCondition)

   JpaBaseConfiguration#transactionManager matched:
      - @ConditionalOnMissingBean (types: org.springframework.transaction.TransactionManager; SearchStrategy: all) did not find any beans (OnBeanCondition)

   JpaBaseConfiguration.PersistenceManagedTypesConfiguration matched:
      - @ConditionalOnMissingBean (types: org.springframework.orm.jpa.LocalContainerEntityManagerFactoryBean,jakarta.persistence.EntityManagerFactory; SearchStrategy: all) did not find any beans (OnBeanCondition)

   JpaBaseConfiguration.PersistenceManagedTypesConfiguration#persistenceManagedTypes matched:
      - @ConditionalOnMissingBean (types: org.springframework.orm.jpa.persistenceunit.PersistenceManagedTypes; SearchStrategy: all) did not find any beans (OnBeanCondition)

   JpaRepositoriesAutoConfiguration matched:
      - @ConditionalOnClass found required class 'org.springframework.data.jpa.repository.JpaRepository' (OnClassCondition)
      - @ConditionalOnBooleanProperty (spring.data.jpa.repositories.enabled=true) matched (OnPropertyCondition)
      - @ConditionalOnBean (types: javax.sql.DataSource; SearchStrategy: all) found bean 'dataSource'; @ConditionalOnMissingBean (types: org.springframework.data.jpa.repository.support.JpaRepositoryFactoryBean,org.springframework.data.jpa.repository.config.JpaRepositoryConfigExtension; SearchStrategy: all) did not find any beans (OnBeanCondition)

   JtaAutoConfiguration matched:
      - @ConditionalOnClass found required class 'jakarta.transaction.Transaction' (OnClassCondition)
      - @ConditionalOnBooleanProperty (spring.jta.enabled=true) matched (OnPropertyCondition)

   LifecycleAutoConfiguration#defaultLifecycleProcessor matched:
      - @ConditionalOnMissingBean (names: lifecycleProcessor; SearchStrategy: current) did not find any beans (OnBeanCondition)

   MultipartAutoConfiguration matched:
      - @ConditionalOnClass found required classes 'jakarta.servlet.Servlet', 'org.springframework.web.multipart.support.StandardServletMultipartResolver', 'jakarta.servlet.MultipartConfigElement' (OnClassCondition)
      - found 'session' scope (OnWebApplicationCondition)
      - @ConditionalOnBooleanProperty (spring.servlet.multipart.enabled=true) matched (OnPropertyCondition)

   MultipartAutoConfiguration#multipartConfigElement matched:
      - @ConditionalOnMissingBean (types: jakarta.servlet.MultipartConfigElement; SearchStrategy: all) did not find any beans (OnBeanCondition)

   MultipartAutoConfiguration#multipartResolver matched:
      - @ConditionalOnMissingBean (types: org.springframework.web.multipart.MultipartResolver; SearchStrategy: all) did not find any beans (OnBeanCondition)

   NamedParameterJdbcTemplateConfiguration matched:
      - @ConditionalOnSingleCandidate (types: org.springframework.jdbc.core.JdbcTemplate; SearchStrategy: all) found a single bean 'jdbcTemplate'; @ConditionalOnMissingBean (types: org.springframework.jdbc.core.namedparam.NamedParameterJdbcOperations; SearchStrategy: all) did not find any beans (OnBeanCondition)

   NoOpCacheConfiguration matched:
      - Cache org.springframework.boot.autoconfigure.cache.NoOpCacheConfiguration automatic cache type (CacheCondition)

   PersistenceExceptionTranslationAutoConfiguration matched:
      - @ConditionalOnClass found required class 'org.springframework.dao.annotation.PersistenceExceptionTranslationPostProcessor' (OnClassCondition)

   PersistenceExceptionTranslationAutoConfiguration#persistenceExceptionTranslationPostProcessor matched:
      - @ConditionalOnBooleanProperty (spring.dao.exceptiontranslation.enabled=true) matched (OnPropertyCondition)
      - @ConditionalOnMissingBean (types: org.springframework.dao.annotation.PersistenceExceptionTranslationPostProcessor; SearchStrategy: all) did not find any beans (OnBeanCondition)

   PropertyPlaceholderAutoConfiguration#propertySourcesPlaceholderConfigurer matched:
      - @ConditionalOnMissingBean (types: org.springframework.context.support.PropertySourcesPlaceholderConfigurer; SearchStrategy: current) did not find any beans (OnBeanCondition)

   RestClientAutoConfiguration matched:
      - @ConditionalOnClass found required class 'org.springframework.web.client.RestClient' (OnClassCondition)
      - AnyNestedCondition 1 matched 1 did not; NestedCondition on NotReactiveWebApplicationOrVirtualThreadsExecutorEnabledCondition.VirtualThreadsExecutorEnabled found non-matching nested conditions @ConditionalOnThreading did not find VIRTUAL; NestedCondition on NotReactiveWebApplicationOrVirtualThreadsExecutorEnabledCondition.NotReactiveWebApplication NoneNestedConditions 0 matched 1 did not; NestedCondition on NotReactiveWebApplicationCondition.ReactiveWebApplication did not find reactive web application classes (NotReactiveWebApplicationOrVirtualThreadsExecutorEnabledCondition)

   RestClientAutoConfiguration#httpMessageConvertersRestClientCustomizer matched:
      - @ConditionalOnMissingBean (types: org.springframework.boot.autoconfigure.web.client.HttpMessageConvertersRestClientCustomizer; SearchStrategy: all) did not find any beans (OnBeanCondition)

   RestClientAutoConfiguration#restClientBuilder matched:
      - @ConditionalOnMissingBean (types: org.springframework.web.client.RestClient$Builder; SearchStrategy: all) did not find any beans (OnBeanCondition)

   RestClientAutoConfiguration#restClientBuilderConfigurer matched:
      - @ConditionalOnMissingBean (types: org.springframework.boot.autoconfigure.web.client.RestClientBuilderConfigurer; SearchStrategy: all) did not find any beans (OnBeanCondition)

   RestClientAutoConfiguration#restClientSsl matched:
      - @ConditionalOnBean (types: org.springframework.boot.ssl.SslBundles; SearchStrategy: all) found bean 'sslBundleRegistry'; @ConditionalOnMissingBean (types: org.springframework.boot.autoconfigure.web.client.RestClientSsl; SearchStrategy: all) did not find any beans (OnBeanCondition)

   RestTemplateAutoConfiguration matched:
      - @ConditionalOnClass found required class 'org.springframework.web.client.RestTemplate' (OnClassCondition)
      - NoneNestedConditions 0 matched 1 did not; NestedCondition on NotReactiveWebApplicationCondition.ReactiveWebApplication did not find reactive web application classes (NotReactiveWebApplicationCondition)

   RestTemplateAutoConfiguration#restTemplateBuilder matched:
      - @ConditionalOnMissingBean (types: org.springframework.boot.web.client.RestTemplateBuilder; SearchStrategy: all) did not find any beans (OnBeanCondition)

   SecurityAutoConfiguration matched:
      - @ConditionalOnClass found required class 'org.springframework.security.authentication.DefaultAuthenticationEventPublisher' (OnClassCondition)

   SecurityAutoConfiguration#authenticationEventPublisher matched:
      - @ConditionalOnMissingBean (types: org.springframework.security.authentication.AuthenticationEventPublisher; SearchStrategy: all) did not find any beans (OnBeanCondition)

   SecurityFilterAutoConfiguration matched:
      - @ConditionalOnClass found required classes 'org.springframework.security.web.context.AbstractSecurityWebApplicationInitializer', 'org.springframework.security.config.http.SessionCreationPolicy' (OnClassCondition)
      - found 'session' scope (OnWebApplicationCondition)

   SecurityFilterAutoConfiguration#securityFilterChainRegistration matched:
      - @ConditionalOnBean (names: springSecurityFilterChain; SearchStrategy: all) found bean 'springSecurityFilterChain' (OnBeanCondition)

   ServletWebServerFactoryAutoConfiguration matched:
      - @ConditionalOnClass found required class 'jakarta.servlet.ServletRequest' (OnClassCondition)
      - found 'session' scope (OnWebApplicationCondition)

   ServletWebServerFactoryAutoConfiguration#tomcatServletWebServerFactoryCustomizer matched:
      - @ConditionalOnClass found required class 'org.apache.catalina.startup.Tomcat' (OnClassCondition)

   ServletWebServerFactoryConfiguration.EmbeddedTomcat matched:
      - @ConditionalOnClass found required classes 'jakarta.servlet.Servlet', 'org.apache.catalina.startup.Tomcat', 'org.apache.coyote.UpgradeProtocol' (OnClassCondition)
      - @ConditionalOnMissingBean (types: org.springframework.boot.web.servlet.server.ServletWebServerFactory; SearchStrategy: current) did not find any beans (OnBeanCondition)

   SimpleCacheConfiguration matched:
      - Cache org.springframework.boot.autoconfigure.cache.SimpleCacheConfiguration automatic cache type (CacheCondition)

   SpringBootWebSecurityConfiguration matched:
      - found 'session' scope (OnWebApplicationCondition)

   SpringBootWebSecurityConfiguration.WebSecurityEnablerConfiguration matched:
      - @ConditionalOnClass found required class 'org.springframework.security.config.annotation.web.configuration.EnableWebSecurity' (OnClassCondition)
      - @ConditionalOnMissingBean (names: springSecurityFilterChain; SearchStrategy: all) did not find any beans (OnBeanCondition)

   SpringDataWebAutoConfiguration matched:
      - @ConditionalOnClass found required classes 'org.springframework.data.web.PageableHandlerMethodArgumentResolver', 'org.springframework.web.servlet.config.annotation.WebMvcConfigurer' (OnClassCondition)
      - found 'session' scope (OnWebApplicationCondition)
      - @ConditionalOnMissingBean (types: org.springframework.data.web.PageableHandlerMethodArgumentResolver; SearchStrategy: all) did not find any beans (OnBeanCondition)

   SpringDataWebAutoConfiguration#pageableCustomizer matched:
      - @ConditionalOnMissingBean (types: org.springframework.data.web.config.PageableHandlerMethodArgumentResolverCustomizer; SearchStrategy: all) did not find any beans (OnBeanCondition)

   SpringDataWebAutoConfiguration#sortCustomizer matched:
      - @ConditionalOnMissingBean (types: org.springframework.data.web.config.SortHandlerMethodArgumentResolverCustomizer; SearchStrategy: all) did not find any beans (OnBeanCondition)

   SpringDataWebAutoConfiguration#springDataWebSettings matched:
      - @ConditionalOnMissingBean (types: org.springframework.data.web.config.SpringDataWebSettings; SearchStrategy: all) did not find any beans (OnBeanCondition)

   SqlInitializationAutoConfiguration matched:
      - @ConditionalOnBooleanProperty (spring.sql.init.enabled=true) matched (OnPropertyCondition)
      - NoneNestedConditions 0 matched 1 did not; NestedCondition on SqlInitializationAutoConfiguration.SqlInitializationModeCondition.ModeIsNever @ConditionalOnProperty (spring.sql.init.mode=never) did not find property 'spring.sql.init.mode' (SqlInitializationAutoConfiguration.SqlInitializationModeCondition)

   SslAutoConfiguration#sslBundleRegistry matched:
      - @ConditionalOnMissingBean (types: org.springframework.boot.ssl.SslBundleRegistry,org.springframework.boot.ssl.SslBundles; SearchStrategy: all) did not find any beans (OnBeanCondition)

   TaskExecutionAutoConfiguration matched:
      - @ConditionalOnClass found required class 'org.springframework.scheduling.concurrent.ThreadPoolTaskExecutor' (OnClassCondition)

   TaskExecutorConfigurations.AsyncConfigurerConfiguration matched:
      - @ConditionalOnMissingBean (types: org.springframework.scheduling.annotation.AsyncConfigurer; SearchStrategy: all) did not find any beans (OnBeanCondition)

   TaskExecutorConfigurations.AsyncConfigurerConfiguration#applicationTaskExecutorAsyncConfigurer matched:
      - @ConditionalOnMissingBean (types: org.springframework.scheduling.annotation.AsyncConfigurer; SearchStrategy: all) did not find any beans (OnBeanCondition)

   TaskExecutorConfigurations.SimpleAsyncTaskExecutorBuilderConfiguration#simpleAsyncTaskExecutorBuilder matched:
      - @ConditionalOnMissingBean (types: org.springframework.boot.task.SimpleAsyncTaskExecutorBuilder; SearchStrategy: all) did not find any beans (OnBeanCondition)
      - @ConditionalOnThreading found PLATFORM (OnThreadingCondition)

   TaskExecutorConfigurations.TaskExecutorConfiguration matched:
      - AnyNestedCondition 1 matched 1 did not; NestedCondition on TaskExecutorConfigurations.OnExecutorCondition.ModelCondition @ConditionalOnProperty (spring.task.execution.mode=force) did not find property 'spring.task.execution.mode'; NestedCondition on TaskExecutorConfigurations.OnExecutorCondition.ExecutorBeanCondition @ConditionalOnMissingBean (types: java.util.concurrent.Executor; SearchStrategy: all) did not find any beans (TaskExecutorConfigurations.OnExecutorCondition)

   TaskExecutorConfigurations.TaskExecutorConfiguration#applicationTaskExecutor matched:
      - @ConditionalOnThreading found PLATFORM (OnThreadingCondition)

   TaskExecutorConfigurations.ThreadPoolTaskExecutorBuilderConfiguration#threadPoolTaskExecutorBuilder matched:
      - @ConditionalOnMissingBean (types: org.springframework.boot.task.ThreadPoolTaskExecutorBuilder; SearchStrategy: all) did not find any beans (OnBeanCondition)

   TaskSchedulingAutoConfiguration matched:
      - @ConditionalOnClass found required class 'org.springframework.scheduling.concurrent.ThreadPoolTaskScheduler' (OnClassCondition)

   TaskSchedulingConfigurations.SimpleAsyncTaskSchedulerBuilderConfiguration#simpleAsyncTaskSchedulerBuilder matched:
      - @ConditionalOnMissingBean (types: org.springframework.boot.task.SimpleAsyncTaskSchedulerBuilder; SearchStrategy: all) did not find any beans (OnBeanCondition)
      - @ConditionalOnThreading found PLATFORM (OnThreadingCondition)

   TaskSchedulingConfigurations.ThreadPoolTaskSchedulerBuilderConfiguration#threadPoolTaskSchedulerBuilder matched:
      - @ConditionalOnMissingBean (types: org.springframework.boot.task.ThreadPoolTaskSchedulerBuilder; SearchStrategy: all) did not find any beans (OnBeanCondition)

   TransactionAutoConfiguration matched:
      - @ConditionalOnClass found required class 'org.springframework.transaction.PlatformTransactionManager' (OnClassCondition)

   TransactionAutoConfiguration.EnableTransactionManagementConfiguration matched:
      - @ConditionalOnBean (types: org.springframework.transaction.TransactionManager; SearchStrategy: all) found bean 'transactionManager'; @ConditionalOnMissingBean (types: org.springframework.transaction.annotation.AbstractTransactionManagementConfiguration; SearchStrategy: all) did not find any beans (OnBeanCondition)

   TransactionAutoConfiguration.EnableTransactionManagementConfiguration.CglibAutoProxyConfiguration matched:
      - @ConditionalOnBooleanProperty (spring.aop.proxy-target-class=true) matched (OnPropertyCondition)

   TransactionAutoConfiguration.TransactionTemplateConfiguration matched:
      - @ConditionalOnSingleCandidate (types: org.springframework.transaction.PlatformTransactionManager; SearchStrategy: all) found a single bean 'transactionManager' (OnBeanCondition)

   TransactionAutoConfiguration.TransactionTemplateConfiguration#transactionTemplate matched:
      - @ConditionalOnMissingBean (types: org.springframework.transaction.support.TransactionOperations; SearchStrategy: all) did not find any beans (OnBeanCondition)

   TransactionManagerCustomizationAutoConfiguration matched:
      - @ConditionalOnClass found required class 'org.springframework.transaction.PlatformTransactionManager' (OnClassCondition)

   TransactionManagerCustomizationAutoConfiguration#platformTransactionManagerCustomizers matched:
      - @ConditionalOnMissingBean (types: org.springframework.boot.autoconfigure.transaction.TransactionManagerCustomizers; SearchStrategy: all) did not find any beans (OnBeanCondition)

   ValidationAutoConfiguration matched:
      - @ConditionalOnClass found required class 'jakarta.validation.executable.ExecutableValidator' (OnClassCondition)
      - @ConditionalOnResource found location classpath:META-INF/services/jakarta.validation.spi.ValidationProvider (OnResourceCondition)

   ValidationAutoConfiguration#defaultValidator matched:
      - @ConditionalOnMissingBean (types: jakarta.validation.Validator; SearchStrategy: all) did not find any beans (OnBeanCondition)

   ValidationAutoConfiguration#methodValidationPostProcessor matched:
      - @ConditionalOnMissingBean (types: org.springframework.validation.beanvalidation.MethodValidationPostProcessor; SearchStrategy: current) did not find any beans (OnBeanCondition)

   WebMvcAutoConfiguration matched:
      - @ConditionalOnClass found required classes 'jakarta.servlet.Servlet', 'org.springframework.web.servlet.DispatcherServlet', 'org.springframework.web.servlet.config.annotation.WebMvcConfigurer' (OnClassCondition)
      - found 'session' scope (OnWebApplicationCondition)
      - @ConditionalOnMissingBean (types: org.springframework.web.servlet.config.annotation.WebMvcConfigurationSupport; SearchStrategy: all) did not find any beans (OnBeanCondition)

   WebMvcAutoConfiguration#formContentFilter matched:
      - @ConditionalOnBooleanProperty (spring.mvc.formcontent.filter.enabled=true) matched (OnPropertyCondition)
      - @ConditionalOnMissingBean (types: org.springframework.web.filter.FormContentFilter; SearchStrategy: all) did not find any beans (OnBeanCondition)

   WebMvcAutoConfiguration.EnableWebMvcConfiguration#flashMapManager matched:
      - @ConditionalOnMissingBean (names: flashMapManager; SearchStrategy: all) did not find any beans (OnBeanCondition)

   WebMvcAutoConfiguration.EnableWebMvcConfiguration#localeResolver matched:
      - @ConditionalOnMissingBean (names: localeResolver; SearchStrategy: all) did not find any beans (OnBeanCondition)

   WebMvcAutoConfiguration.EnableWebMvcConfiguration#themeResolver matched:
      - @ConditionalOnMissingBean (names: themeResolver; SearchStrategy: all) did not find any beans (OnBeanCondition)

   WebMvcAutoConfiguration.EnableWebMvcConfiguration#viewNameTranslator matched:
      - @ConditionalOnMissingBean (names: viewNameTranslator; SearchStrategy: all) did not find any beans (OnBeanCondition)

   WebMvcAutoConfiguration.WebMvcAutoConfigurationAdapter#defaultViewResolver matched:
      - @ConditionalOnMissingBean (types: org.springframework.web.servlet.view.InternalResourceViewResolver; SearchStrategy: all) did not find any beans (OnBeanCondition)

   WebMvcAutoConfiguration.WebMvcAutoConfigurationAdapter#requestContextFilter matched:
      - @ConditionalOnMissingBean (types: org.springframework.web.context.request.RequestContextListener,org.springframework.web.filter.RequestContextFilter; SearchStrategy: all) did not find any beans (OnBeanCondition)

   WebMvcAutoConfiguration.WebMvcAutoConfigurationAdapter#viewResolver matched:
      - @ConditionalOnBean (types: org.springframework.web.servlet.ViewResolver; SearchStrategy: all) found beans 'defaultViewResolver', 'beanNameViewResolver', 'mvcViewResolver'; @ConditionalOnMissingBean (names: viewResolver types: org.springframework.web.servlet.view.ContentNegotiatingViewResolver; SearchStrategy: all) did not find any beans (OnBeanCondition)

   WebSocketServletAutoConfiguration matched:
      - @ConditionalOnClass found required classes 'jakarta.servlet.Servlet', 'jakarta.websocket.server.ServerContainer' (OnClassCondition)
      - found 'session' scope (OnWebApplicationCondition)

   WebSocketServletAutoConfiguration.TomcatWebSocketConfiguration matched:
      - @ConditionalOnClass found required classes 'org.apache.catalina.startup.Tomcat', 'org.apache.tomcat.websocket.server.WsSci' (OnClassCondition)

   WebSocketServletAutoConfiguration.TomcatWebSocketConfiguration#websocketServletWebServerCustomizer matched:
      - @ConditionalOnMissingBean (names: websocketServletWebServerCustomizer; SearchStrategy: all) did not find any beans (OnBeanCondition)


Negative matches:
-----------------

   ActiveMQAutoConfiguration:
      Did not match:
         - @ConditionalOnClass did not find required class 'jakarta.jms.ConnectionFactory' (OnClassCondition)

   AopAutoConfiguration.AspectJAutoProxyingConfiguration.JdkDynamicAutoProxyConfiguration:
      Did not match:
         - @ConditionalOnBooleanProperty (spring.aop.proxy-target-class=false) did not find property 'spring.aop.proxy-target-class' (OnPropertyCondition)

   AopAutoConfiguration.ClassProxyingConfiguration:
      Did not match:
         - @ConditionalOnMissingClass found unwanted class 'org.aspectj.weaver.Advice' (OnClassCondition)

   ArtemisAutoConfiguration:
      Did not match:
         - @ConditionalOnClass did not find required class 'jakarta.jms.ConnectionFactory' (OnClassCondition)

   BatchAutoConfiguration:
      Did not match:
         - @ConditionalOnClass did not find required class 'org.springframework.batch.core.launch.JobLauncher' (OnClassCondition)

   Cache2kCacheConfiguration:
      Did not match:
         - @ConditionalOnClass did not find required class 'org.cache2k.Cache2kBuilder' (OnClassCondition)

   CacheAutoConfiguration:
      Did not match:
         - @ConditionalOnBean (types: org.springframework.cache.interceptor.CacheAspectSupport; SearchStrategy: all) did not find any beans of type org.springframework.cache.interceptor.CacheAspectSupport (OnBeanCondition)
      Matched:
         - @ConditionalOnClass found required class 'org.springframework.cache.CacheManager' (OnClassCondition)

   CacheAutoConfiguration.CacheManagerEntityManagerFactoryDependsOnPostProcessor:
      Did not match:
         - Ancestor org.springframework.boot.autoconfigure.cache.CacheAutoConfiguration did not match (ConditionEvaluationReport.AncestorsMatchedCondition)
      Matched:
         - @ConditionalOnClass found required class 'org.springframework.orm.jpa.LocalContainerEntityManagerFactoryBean' (OnClassCondition)

   CaffeineCacheConfiguration:
      Did not match:
         - @ConditionalOnClass did not find required class 'com.github.benmanes.caffeine.cache.Caffeine' (OnClassCondition)

   CassandraAutoConfiguration:
      Did not match:
         - @ConditionalOnClass did not find required class 'com.datastax.oss.driver.api.core.CqlSession' (OnClassCondition)

   CassandraDataAutoConfiguration:
      Did not match:
         - @ConditionalOnClass did not find required class 'com.datastax.oss.driver.api.core.CqlSession' (OnClassCondition)

   CassandraReactiveDataAutoConfiguration:
      Did not match:
         - @ConditionalOnClass did not find required class 'com.datastax.oss.driver.api.core.CqlSession' (OnClassCondition)

   CassandraReactiveRepositoriesAutoConfiguration:
      Did not match:
         - @ConditionalOnClass did not find required class 'org.springframework.data.cassandra.ReactiveSession' (OnClassCondition)

   CassandraRepositoriesAutoConfiguration:
      Did not match:
         - @ConditionalOnClass did not find required class 'com.datastax.oss.driver.api.core.CqlSession' (OnClassCondition)

   org.springframework.boot.autoconfigure.http.client.reactive.ClientHttpConnectorAutoConfiguration:
      Did not match:
         - @ConditionalOnClass did not find required class 'reactor.core.publisher.Mono' (OnClassCondition)

   org.springframework.boot.autoconfigure.web.reactive.function.client.ClientHttpConnectorAutoConfiguration:
      Did not match:
         - @ConditionalOnClass did not find required class 'org.springframework.web.reactive.function.client.WebClient' (OnClassCondition)

   CodecsAutoConfiguration:
      Did not match:
         - @ConditionalOnClass did not find required class 'org.springframework.web.reactive.function.client.WebClient' (OnClassCondition)

   CouchbaseAutoConfiguration:
      Did not match:
         - @ConditionalOnClass did not find required class 'com.couchbase.client.java.Cluster' (OnClassCondition)

   CouchbaseCacheConfiguration:
      Did not match:
         - @ConditionalOnClass did not find required class 'com.couchbase.client.java.Cluster' (OnClassCondition)

   CouchbaseDataAutoConfiguration:
      Did not match:
         - @ConditionalOnClass did not find required class 'com.couchbase.client.java.Bucket' (OnClassCondition)

   CouchbaseReactiveDataAutoConfiguration:
      Did not match:
         - @ConditionalOnClass did not find required class 'com.couchbase.client.java.Cluster' (OnClassCondition)

   CouchbaseReactiveRepositoriesAutoConfiguration:
      Did not match:
         - @ConditionalOnClass did not find required class 'com.couchbase.client.java.Cluster' (OnClassCondition)

   CouchbaseRepositoriesAutoConfiguration:
      Did not match:
         - @ConditionalOnClass did not find required class 'com.couchbase.client.java.Bucket' (OnClassCondition)

   DataSourceAutoConfiguration.EmbeddedDatabaseConfiguration:
      Did not match:
         - EmbeddedDataSource spring.datasource.url is set (DataSourceAutoConfiguration.EmbeddedDatabaseCondition)

   DataSourceCheckpointRestoreConfiguration:
      Did not match:
         - @ConditionalOnClass did not find required class 'org.crac.Resource' (OnClassCondition)

   DataSourceConfiguration.Dbcp2:
      Did not match:
         - @ConditionalOnClass did not find required class 'org.apache.commons.dbcp2.BasicDataSource' (OnClassCondition)

   DataSourceConfiguration.Generic:
      Did not match:
         - @ConditionalOnProperty (spring.datasource.type) did not find property 'spring.datasource.type' (OnPropertyCondition)

   DataSourceConfiguration.OracleUcp:
      Did not match:
         - @ConditionalOnClass did not find required classes 'oracle.ucp.jdbc.PoolDataSourceImpl', 'oracle.jdbc.OracleConnection' (OnClassCondition)

   DataSourceConfiguration.Tomcat:
      Did not match:
         - @ConditionalOnClass did not find required class 'org.apache.tomcat.jdbc.pool.DataSource' (OnClassCondition)

   DataSourceJmxConfiguration:
      Did not match:
         - @ConditionalOnBooleanProperty (spring.jmx.enabled=true) did not find property 'spring.jmx.enabled' (OnPropertyCondition)

   DataSourcePoolMetadataProvidersConfiguration.CommonsDbcp2PoolDataSourceMetadataProviderConfiguration:
      Did not match:
         - @ConditionalOnClass did not find required class 'org.apache.commons.dbcp2.BasicDataSource' (OnClassCondition)

   DataSourcePoolMetadataProvidersConfiguration.OracleUcpPoolDataSourceMetadataProviderConfiguration:
      Did not match:
         - @ConditionalOnClass did not find required classes 'oracle.ucp.jdbc.PoolDataSource', 'oracle.jdbc.OracleConnection' (OnClassCondition)

   DataSourcePoolMetadataProvidersConfiguration.TomcatDataSourcePoolMetadataProviderConfiguration:
      Did not match:
         - @ConditionalOnClass did not find required class 'org.apache.tomcat.jdbc.pool.DataSource' (OnClassCondition)

   DataSourceTransactionManagerAutoConfiguration.JdbcTransactionManagerConfiguration#transactionManager:
      Did not match:
         - @ConditionalOnMissingBean (types: org.springframework.transaction.TransactionManager; SearchStrategy: all) found beans of type 'org.springframework.transaction.TransactionManager' transactionManager (OnBeanCondition)

   DispatcherServletAutoConfiguration.DispatcherServletConfiguration#multipartResolver:
      Did not match:
         - @ConditionalOnBean (types: org.springframework.web.multipart.MultipartResolver; SearchStrategy: all) did not find any beans of type org.springframework.web.multipart.MultipartResolver (OnBeanCondition)

   ElasticsearchClientAutoConfiguration:
      Did not match:
         - @ConditionalOnClass did not find required class 'co.elastic.clients.elasticsearch.ElasticsearchClient' (OnClassCondition)

   ElasticsearchDataAutoConfiguration:
      Did not match:
         - @ConditionalOnClass did not find required class 'org.springframework.data.elasticsearch.client.elc.ElasticsearchTemplate' (OnClassCondition)

   ElasticsearchRepositoriesAutoConfiguration:
      Did not match:
         - @ConditionalOnClass did not find required class 'org.springframework.data.elasticsearch.repository.ElasticsearchRepository' (OnClassCondition)

   ElasticsearchRestClientAutoConfiguration:
      Did not match:
         - @ConditionalOnClass did not find required class 'org.elasticsearch.client.RestClientBuilder' (OnClassCondition)

   EmbeddedLdapAutoConfiguration:
      Did not match:
         - @ConditionalOnClass did not find required class 'com.unboundid.ldap.listener.InMemoryDirectoryServer' (OnClassCondition)

   EmbeddedWebServerFactoryCustomizerAutoConfiguration.JettyWebServerFactoryCustomizerConfiguration:
      Did not match:
         - @ConditionalOnClass did not find required classes 'org.eclipse.jetty.server.Server', 'org.eclipse.jetty.util.Loader', 'org.eclipse.jetty.ee10.webapp.WebAppContext' (OnClassCondition)

   EmbeddedWebServerFactoryCustomizerAutoConfiguration.NettyWebServerFactoryCustomizerConfiguration:
      Did not match:
         - @ConditionalOnClass did not find required class 'reactor.netty.http.server.HttpServer' (OnClassCondition)

   EmbeddedWebServerFactoryCustomizerAutoConfiguration.TomcatWebServerFactoryCustomizerConfiguration#tomcatVirtualThreadsProtocolHandlerCustomizer:
      Did not match:
         - @ConditionalOnThreading did not find VIRTUAL (OnThreadingCondition)

   EmbeddedWebServerFactoryCustomizerAutoConfiguration.UndertowWebServerFactoryCustomizerConfiguration:
      Did not match:
         - @ConditionalOnClass did not find required classes 'io.undertow.Undertow', 'org.xnio.SslClientAuthMode' (OnClassCondition)

   ErrorWebFluxAutoConfiguration:
      Did not match:
         - @ConditionalOnClass did not find required class 'org.springframework.web.reactive.config.WebFluxConfigurer' (OnClassCondition)

   FlywayAutoConfiguration.FlywayConfiguration#oracleFlywayConfigurationCustomizer:
      Did not match:
         - @ConditionalOnClass did not find required class 'org.flywaydb.database.oracle.OracleConfigurationExtension' (OnClassCondition)

   FlywayAutoConfiguration.FlywayConfiguration#postgresqlFlywayConfigurationCustomizer:
      Did not match:
         - @ConditionalOnClass did not find required class 'org.flywaydb.database.postgresql.PostgreSQLConfigurationExtension' (OnClassCondition)

   FlywayAutoConfiguration.FlywayConfiguration#sqlServerFlywayConfigurationCustomizer:
      Did not match:
         - @ConditionalOnClass did not find required class 'org.flywaydb.database.sqlserver.SQLServerConfigurationExtension' (OnClassCondition)

   FreeMarkerAutoConfiguration:
      Did not match:
         - @ConditionalOnClass did not find required class 'freemarker.template.Configuration' (OnClassCondition)

   GraphQlAutoConfiguration:
      Did not match:
         - @ConditionalOnClass did not find required class 'graphql.GraphQL' (OnClassCondition)

   GraphQlQueryByExampleAutoConfiguration:
      Did not match:
         - @ConditionalOnClass did not find required class 'graphql.GraphQL' (OnClassCondition)

   GraphQlQuerydslAutoConfiguration:
      Did not match:
         - @ConditionalOnClass did not find required class 'com.querydsl.core.Query' (OnClassCondition)

   GraphQlRSocketAutoConfiguration:
      Did not match:
         - @ConditionalOnClass did not find required class 'graphql.GraphQL' (OnClassCondition)

   GraphQlReactiveQueryByExampleAutoConfiguration:
      Did not match:
         - @ConditionalOnClass did not find required class 'graphql.GraphQL' (OnClassCondition)

   GraphQlReactiveQuerydslAutoConfiguration:
      Did not match:
         - @ConditionalOnClass did not find required class 'com.querydsl.core.Query' (OnClassCondition)

   GraphQlWebFluxAutoConfiguration:
      Did not match:
         - @ConditionalOnClass did not find required class 'graphql.GraphQL' (OnClassCondition)

   GraphQlWebFluxSecurityAutoConfiguration:
      Did not match:
         - @ConditionalOnClass did not find required class 'graphql.GraphQL' (OnClassCondition)

   GraphQlWebMvcAutoConfiguration:
      Did not match:
         - @ConditionalOnClass did not find required class 'graphql.GraphQL' (OnClassCondition)

   GraphQlWebMvcSecurityAutoConfiguration:
      Did not match:
         - @ConditionalOnClass did not find required class 'graphql.GraphQL' (OnClassCondition)

   GroovyTemplateAutoConfiguration:
      Did not match:
         - @ConditionalOnClass did not find required class 'groovy.text.markup.MarkupTemplateEngine' (OnClassCondition)

   GsonAutoConfiguration:
      Did not match:
         - @ConditionalOnClass did not find required class 'com.google.gson.Gson' (OnClassCondition)

   GsonHttpMessageConvertersConfiguration:
      Did not match:
         - @ConditionalOnClass did not find required class 'com.google.gson.Gson' (OnClassCondition)

   H2ConsoleAutoConfiguration:
      Did not match:
         - @ConditionalOnBooleanProperty (spring.h2.console.enabled=true) did not find property 'spring.h2.console.enabled' (OnPropertyCondition)
      Matched:
         - @ConditionalOnClass found required class 'org.h2.server.web.JakartaWebServlet' (OnClassCondition)
         - found 'session' scope (OnWebApplicationCondition)

   HazelcastAutoConfiguration:
      Did not match:
         - @ConditionalOnClass did not find required class 'com.hazelcast.core.HazelcastInstance' (OnClassCondition)

   HazelcastCacheConfiguration:
      Did not match:
         - @ConditionalOnClass did not find required class 'com.hazelcast.core.HazelcastInstance' (OnClassCondition)

   HazelcastJpaDependencyAutoConfiguration:
      Did not match:
         - @ConditionalOnClass did not find required class 'com.hazelcast.core.HazelcastInstance' (OnClassCondition)

   HttpHandlerAutoConfiguration:
      Did not match:
         - @ConditionalOnClass did not find required class 'org.springframework.web.reactive.DispatcherHandler' (OnClassCondition)

   HypermediaAutoConfiguration:
      Did not match:
         - @ConditionalOnClass did not find required class 'org.springframework.hateoas.EntityModel' (OnClassCondition)

   InfinispanCacheConfiguration:
      Did not match:
         - @ConditionalOnClass did not find required class 'org.infinispan.spring.embedded.provider.SpringEmbeddedCacheManager' (OnClassCondition)

   IntegrationAutoConfiguration:
      Did not match:
         - @ConditionalOnClass did not find required class 'org.springframework.integration.config.EnableIntegration' (OnClassCondition)

   JCacheCacheConfiguration:
      Did not match:
         - @ConditionalOnClass did not find required class 'javax.cache.Caching' (OnClassCondition)

   JacksonHttpMessageConvertersConfiguration.MappingJackson2XmlHttpMessageConverterConfiguration:
      Did not match:
         - @ConditionalOnClass did not find required class 'com.fasterxml.jackson.dataformat.xml.XmlMapper' (OnClassCondition)

   JdbcRepositoriesAutoConfiguration:
      Did not match:
         - @ConditionalOnClass did not find required class 'org.springframework.data.jdbc.repository.config.AbstractJdbcConfiguration' (OnClassCondition)

   JerseyAutoConfiguration:
      Did not match:
         - @ConditionalOnClass did not find required class 'org.glassfish.jersey.server.spring.SpringComponentProvider' (OnClassCondition)

   JmsAutoConfiguration:
      Did not match:
         - @ConditionalOnClass did not find required class 'jakarta.jms.Message' (OnClassCondition)

   JmxAutoConfiguration:
      Did not match:
         - @ConditionalOnBooleanProperty (spring.jmx.enabled=true) did not find property 'spring.jmx.enabled' (OnPropertyCondition)
      Matched:
         - @ConditionalOnClass found required class 'org.springframework.jmx.export.MBeanExporter' (OnClassCondition)

   JndiConnectionFactoryAutoConfiguration:
      Did not match:
         - @ConditionalOnClass did not find required class 'org.springframework.jms.core.JmsTemplate' (OnClassCondition)

   JndiDataSourceAutoConfiguration:
      Did not match:
         - @ConditionalOnProperty (spring.datasource.jndi-name) did not find property 'spring.datasource.jndi-name' (OnPropertyCondition)
      Matched:
         - @ConditionalOnClass found required classes 'javax.sql.DataSource', 'org.springframework.jdbc.datasource.embedded.EmbeddedDatabaseType' (OnClassCondition)

   JndiJtaConfiguration:
      Did not match:
         - @ConditionalOnJndi JNDI environment is not available (OnJndiCondition)
      Matched:
         - @ConditionalOnClass found required class 'org.springframework.transaction.jta.JtaTransactionManager' (OnClassCondition)

   JooqAutoConfiguration:
      Did not match:
         - @ConditionalOnClass did not find required class 'org.jooq.DSLContext' (OnClassCondition)

   JpaBaseConfiguration.JpaWebConfiguration:
      Did not match:
         - @ConditionalOnBooleanProperty (spring.jpa.open-in-view=true) found different value in property 'spring.jpa.open-in-view' (OnPropertyCondition)
      Matched:
         - @ConditionalOnClass found required class 'org.springframework.web.servlet.config.annotation.WebMvcConfigurer' (OnClassCondition)
         - found 'session' scope (OnWebApplicationCondition)

   JpaRepositoriesAutoConfiguration#entityManagerFactoryBootstrapExecutorCustomizer:
      Did not match:
         - AnyNestedCondition 0 matched 2 did not; NestedCondition on JpaRepositoriesAutoConfiguration.BootstrapExecutorCondition.LazyBootstrapMode @ConditionalOnProperty (spring.data.jpa.repositories.bootstrap-mode=lazy) did not find property 'spring.data.jpa.repositories.bootstrap-mode'; NestedCondition on JpaRepositoriesAutoConfiguration.BootstrapExecutorCondition.DeferredBootstrapMode @ConditionalOnProperty (spring.data.jpa.repositories.bootstrap-mode=deferred) did not find property 'spring.data.jpa.repositories.bootstrap-mode' (JpaRepositoriesAutoConfiguration.BootstrapExecutorCondition)

   JsonbAutoConfiguration:
      Did not match:
         - @ConditionalOnClass did not find required class 'jakarta.json.bind.Jsonb' (OnClassCondition)

   JsonbHttpMessageConvertersConfiguration:
      Did not match:
         - @ConditionalOnClass did not find required class 'jakarta.json.bind.Jsonb' (OnClassCondition)

   KafkaAutoConfiguration:
      Did not match:
         - @ConditionalOnClass did not find required class 'org.springframework.kafka.core.KafkaTemplate' (OnClassCondition)

   LdapAutoConfiguration:
      Did not match:
         - @ConditionalOnClass did not find required class 'org.springframework.ldap.core.ContextSource' (OnClassCondition)

   LdapRepositoriesAutoConfiguration:
      Did not match:
         - @ConditionalOnClass did not find required class 'org.springframework.data.ldap.repository.LdapRepository' (OnClassCondition)

   LiquibaseAutoConfiguration:
      Did not match:
         - @ConditionalOnClass did not find required class 'liquibase.change.DatabaseChange' (OnClassCondition)

   MailSenderAutoConfiguration:
      Did not match:
         - @ConditionalOnClass did not find required class 'jakarta.mail.internet.MimeMessage' (OnClassCondition)

   MailSenderValidatorAutoConfiguration:
      Did not match:
         - @ConditionalOnSingleCandidate did not find required type 'org.springframework.mail.javamail.JavaMailSenderImpl' (OnBeanCondition)

   MessageSourceAutoConfiguration:
      Did not match:
         - ResourceBundle did not find bundle with basename messages (MessageSourceAutoConfiguration.ResourceBundleCondition)

   MongoAutoConfiguration:
      Did not match:
         - @ConditionalOnClass did not find required class 'com.mongodb.client.MongoClient' (OnClassCondition)

   MongoDataAutoConfiguration:
      Did not match:
         - @ConditionalOnClass did not find required class 'com.mongodb.client.MongoClient' (OnClassCondition)

   MongoReactiveAutoConfiguration:
      Did not match:
         - @ConditionalOnClass did not find required class 'com.mongodb.reactivestreams.client.MongoClient' (OnClassCondition)

   MongoReactiveDataAutoConfiguration:
      Did not match:
         - @ConditionalOnClass did not find required class 'com.mongodb.reactivestreams.client.MongoClient' (OnClassCondition)

   MongoReactiveRepositoriesAutoConfiguration:
      Did not match:
         - @ConditionalOnClass did not find required class 'com.mongodb.reactivestreams.client.MongoClient' (OnClassCondition)

   MongoRepositoriesAutoConfiguration:
      Did not match:
         - @ConditionalOnClass did not find required class 'com.mongodb.client.MongoClient' (OnClassCondition)

   MustacheAutoConfiguration:
      Did not match:
         - @ConditionalOnClass did not find required class 'com.samskivert.mustache.Mustache' (OnClassCondition)

   Neo4jAutoConfiguration:
      Did not match:
         - @ConditionalOnClass did not find required class 'org.neo4j.driver.Driver' (OnClassCondition)

   Neo4jDataAutoConfiguration:
      Did not match:
         - @ConditionalOnClass did not find required class 'org.neo4j.driver.Driver' (OnClassCondition)

   Neo4jReactiveDataAutoConfiguration:
      Did not match:
         - @ConditionalOnClass did not find required class 'org.neo4j.driver.Driver' (OnClassCondition)

   Neo4jReactiveRepositoriesAutoConfiguration:
      Did not match:
         - @ConditionalOnClass did not find required class 'org.neo4j.driver.Driver' (OnClassCondition)

   Neo4jRepositoriesAutoConfiguration:
      Did not match:
         - @ConditionalOnClass did not find required class 'org.neo4j.driver.Driver' (OnClassCondition)

   NettyAutoConfiguration:
      Did not match:
         - @ConditionalOnClass did not find required class 'io.netty.util.NettyRuntime' (OnClassCondition)

   OAuth2AuthorizationServerAutoConfiguration:
      Did not match:
         - @ConditionalOnClass did not find required class 'org.springframework.security.oauth2.server.authorization.OAuth2Authorization' (OnClassCondition)

   OAuth2AuthorizationServerJwtAutoConfiguration:
      Did not match:
         - @ConditionalOnClass did not find required class 'com.nimbusds.jose.jwk.source.JWKSource' (OnClassCondition)

   OAuth2ClientAutoConfiguration:
      Did not match:
         - @ConditionalOnClass did not find required class 'org.springframework.security.oauth2.client.registration.ClientRegistration' (OnClassCondition)

   OAuth2ClientWebSecurityAutoConfiguration:
      Did not match:
         - @ConditionalOnClass did not find required class 'org.springframework.security.oauth2.client.web.OAuth2AuthorizedClientRepository' (OnClassCondition)

   OAuth2ResourceServerAutoConfiguration:
      Did not match:
         - @ConditionalOnClass did not find required class 'org.springframework.security.oauth2.server.resource.authentication.BearerTokenAuthenticationToken' (OnClassCondition)

   ProjectInfoAutoConfiguration#buildProperties:
      Did not match:
         - @ConditionalOnResource did not find resource '${spring.info.build.location:classpath:META-INF/build-info.properties}' (OnResourceCondition)

   ProjectInfoAutoConfiguration#gitProperties:
      Did not match:
         - GitResource did not find git info at classpath:git.properties (ProjectInfoAutoConfiguration.GitResourceAvailableCondition)

   PulsarAutoConfiguration:
      Did not match:
         - @ConditionalOnClass did not find required class 'org.apache.pulsar.client.api.PulsarClient' (OnClassCondition)

   PulsarReactiveAutoConfiguration:
      Did not match:
         - @ConditionalOnClass did not find required class 'org.apache.pulsar.client.api.PulsarClient' (OnClassCondition)

   QuartzAutoConfiguration:
      Did not match:
         - @ConditionalOnClass did not find required class 'org.quartz.Scheduler' (OnClassCondition)

   R2dbcAutoConfiguration:
      Did not match:
         - @ConditionalOnClass did not find required class 'io.r2dbc.spi.ConnectionFactory' (OnClassCondition)

   R2dbcDataAutoConfiguration:
      Did not match:
         - @ConditionalOnClass did not find required class 'org.springframework.data.r2dbc.core.R2dbcEntityTemplate' (OnClassCondition)

   R2dbcInitializationConfiguration:
      Did not match:
         - @ConditionalOnClass did not find required classes 'io.r2dbc.spi.ConnectionFactory', 'org.springframework.r2dbc.connection.init.DatabasePopulator' (OnClassCondition)

   R2dbcProxyAutoConfiguration:
      Did not match:
         - @ConditionalOnClass did not find required class 'io.r2dbc.proxy.ProxyConnectionFactory' (OnClassCondition)

   R2dbcRepositoriesAutoConfiguration:
      Did not match:
         - @ConditionalOnClass did not find required class 'io.r2dbc.spi.ConnectionFactory' (OnClassCondition)

   R2dbcTransactionManagerAutoConfiguration:
      Did not match:
         - @ConditionalOnClass did not find required class 'org.springframework.r2dbc.connection.R2dbcTransactionManager' (OnClassCondition)

   RSocketGraphQlClientAutoConfiguration:
      Did not match:
         - @ConditionalOnClass did not find required class 'graphql.GraphQL' (OnClassCondition)

   RSocketMessagingAutoConfiguration:
      Did not match:
         - @ConditionalOnClass did not find required class 'io.rsocket.RSocket' (OnClassCondition)

   RSocketRequesterAutoConfiguration:
      Did not match:
         - @ConditionalOnClass did not find required class 'io.rsocket.RSocket' (OnClassCondition)

   RSocketSecurityAutoConfiguration:
      Did not match:
         - @ConditionalOnClass did not find required class 'org.springframework.security.rsocket.core.SecuritySocketAcceptorInterceptor' (OnClassCondition)

   RSocketServerAutoConfiguration:
      Did not match:
         - @ConditionalOnClass did not find required class 'io.rsocket.core.RSocketServer' (OnClassCondition)

   RSocketStrategiesAutoConfiguration:
      Did not match:
         - @ConditionalOnClass did not find required class 'io.netty.buffer.PooledByteBufAllocator' (OnClassCondition)

   RabbitAutoConfiguration:
      Did not match:
         - @ConditionalOnClass did not find required class 'com.rabbitmq.client.Channel' (OnClassCondition)

   ReactiveElasticsearchClientAutoConfiguration:
      Did not match:
         - @ConditionalOnClass did not find required class 'co.elastic.clients.transport.ElasticsearchTransport' (OnClassCondition)

   ReactiveElasticsearchRepositoriesAutoConfiguration:
      Did not match:
         - @ConditionalOnClass did not find required class 'reactor.core.publisher.Mono' (OnClassCondition)

   ReactiveMultipartAutoConfiguration:
      Did not match:
         - @ConditionalOnClass did not find required class 'org.springframework.web.reactive.config.WebFluxConfigurer' (OnClassCondition)

   ReactiveOAuth2ClientAutoConfiguration:
      Did not match:
         - @ConditionalOnClass did not find required class 'reactor.core.publisher.Flux' (OnClassCondition)

   ReactiveOAuth2ClientWebSecurityAutoConfiguration:
      Did not match:
         - @ConditionalOnClass did not find required class 'reactor.core.publisher.Flux' (OnClassCondition)

   ReactiveOAuth2ResourceServerAutoConfiguration:
      Did not match:
         - @ConditionalOnWebApplication did not find reactive web application classes (OnWebApplicationCondition)

   ReactiveSecurityAutoConfiguration:
      Did not match:
         - @ConditionalOnClass did not find required class 'reactor.core.publisher.Flux' (OnClassCondition)

   ReactiveUserDetailsServiceAutoConfiguration:
      Did not match:
         - AnyNestedCondition 0 matched 2 did not; NestedCondition on ReactiveUserDetailsServiceAutoConfiguration.RSocketEnabledOrReactiveWebApplication.ReactiveWebApplicationCondition did not find reactive web application classes; NestedCondition on ReactiveUserDetailsServiceAutoConfiguration.RSocketEnabledOrReactiveWebApplication.RSocketSecurityEnabledCondition @ConditionalOnBean (types: ?; SearchStrategy: all) did not find any beans of type ? (ReactiveUserDetailsServiceAutoConfiguration.RSocketEnabledOrReactiveWebApplication)
      Matched:
         - @ConditionalOnClass found required class 'org.springframework.security.authentication.ReactiveAuthenticationManager' (OnClassCondition)
         - AnyNestedCondition 1 matched 2 did not; NestedCondition on ReactiveUserDetailsServiceAutoConfiguration.MissingAlternativeOrUserPropertiesConfigured.PasswordConfigured @ConditionalOnProperty (spring.security.user.password) did not find property 'spring.security.user.password'; NestedCondition on ReactiveUserDetailsServiceAutoConfiguration.MissingAlternativeOrUserPropertiesConfigured.NameConfigured @ConditionalOnProperty (spring.security.user.name) did not find property 'spring.security.user.name'; NestedCondition on ReactiveUserDetailsServiceAutoConfiguration.MissingAlternativeOrUserPropertiesConfigured.MissingAlternative @ConditionalOnMissingClass did not find unwanted classes 'org.springframework.security.oauth2.client.registration.ClientRegistrationRepository', 'org.springframework.security.oauth2.server.resource.introspection.ReactiveOpaqueTokenIntrospector' (ReactiveUserDetailsServiceAutoConfiguration.MissingAlternativeOrUserPropertiesConfigured)

   ReactiveWebServerFactoryAutoConfiguration:
      Did not match:
         - @ConditionalOnWebApplication did not find reactive web application classes (OnWebApplicationCondition)

   ReactorAutoConfiguration:
      Did not match:
         - @ConditionalOnClass did not find required class 'reactor.core.publisher.Hooks' (OnClassCondition)

   RedisAutoConfiguration:
      Did not match:
         - @ConditionalOnClass did not find required class 'org.springframework.data.redis.core.RedisOperations' (OnClassCondition)

   RedisCacheConfiguration:
      Did not match:
         - @ConditionalOnClass did not find required class 'org.springframework.data.redis.connection.RedisConnectionFactory' (OnClassCondition)

   RedisReactiveAutoConfiguration:
      Did not match:
         - @ConditionalOnClass did not find required class 'reactor.core.publisher.Flux' (OnClassCondition)

   RedisRepositoriesAutoConfiguration:
      Did not match:
         - @ConditionalOnClass did not find required class 'org.springframework.data.redis.repository.configuration.EnableRedisRepositories' (OnClassCondition)

   RepositoryRestMvcAutoConfiguration:
      Did not match:
         - @ConditionalOnClass did not find required class 'org.springframework.data.rest.webmvc.config.RepositoryRestMvcConfiguration' (OnClassCondition)

   Saml2RelyingPartyAutoConfiguration:
      Did not match:
         - @ConditionalOnClass did not find required class 'org.springframework.security.saml2.provider.service.registration.RelyingPartyRegistrationRepository' (OnClassCondition)

   SecurityDataConfiguration:
      Did not match:
         - @ConditionalOnClass did not find required class 'org.springframework.security.data.repository.query.SecurityEvaluationContextExtension' (OnClassCondition)

   SendGridAutoConfiguration:
      Did not match:
         - @ConditionalOnClass did not find required class 'com.sendgrid.SendGrid' (OnClassCondition)

   ServletWebServerFactoryAutoConfiguration.ForwardedHeaderFilterConfiguration:
      Did not match:
         - @ConditionalOnProperty (server.forward-headers-strategy=framework) did not find property 'server.forward-headers-strategy' (OnPropertyCondition)

   ServletWebServerFactoryConfiguration.EmbeddedJetty:
      Did not match:
         - @ConditionalOnClass did not find required classes 'org.eclipse.jetty.server.Server', 'org.eclipse.jetty.util.Loader', 'org.eclipse.jetty.ee10.webapp.WebAppContext' (OnClassCondition)

   ServletWebServerFactoryConfiguration.EmbeddedUndertow:
      Did not match:
         - @ConditionalOnClass did not find required classes 'io.undertow.Undertow', 'org.xnio.SslClientAuthMode' (OnClassCondition)

   SessionAutoConfiguration:
      Did not match:
         - @ConditionalOnClass did not find required class 'org.springframework.session.Session' (OnClassCondition)

   SpringApplicationAdminJmxAutoConfiguration:
      Did not match:
         - @ConditionalOnBooleanProperty (spring.application.admin.enabled=true) did not find property 'spring.application.admin.enabled' (OnPropertyCondition)

   SpringBootWebSecurityConfiguration.SecurityFilterChainConfiguration:
      Did not match:
         - AllNestedConditions 1 matched 1 did not; NestedCondition on DefaultWebSecurityCondition.Beans @ConditionalOnMissingBean (types: org.springframework.security.web.SecurityFilterChain; SearchStrategy: all) found beans of type 'org.springframework.security.web.SecurityFilterChain' securityFilterChain; NestedCondition on DefaultWebSecurityCondition.Classes @ConditionalOnClass found required classes 'org.springframework.security.web.SecurityFilterChain', 'org.springframework.security.config.annotation.web.builders.HttpSecurity' (DefaultWebSecurityCondition)

   TaskExecutorConfigurations.SimpleAsyncTaskExecutorBuilderConfiguration#simpleAsyncTaskExecutorBuilderVirtualThreads:
      Did not match:
         - @ConditionalOnMissingBean (types: org.springframework.boot.task.SimpleAsyncTaskExecutorBuilder; SearchStrategy: all) found beans of type 'org.springframework.boot.task.SimpleAsyncTaskExecutorBuilder' simpleAsyncTaskExecutorBuilder (OnBeanCondition)

   TaskExecutorConfigurations.TaskExecutorConfiguration#applicationTaskExecutorVirtualThreads:
      Did not match:
         - @ConditionalOnThreading did not find VIRTUAL (OnThreadingCondition)

   TaskSchedulingAutoConfiguration#scheduledBeanLazyInitializationExcludeFilter:
      Did not match:
         - @ConditionalOnBean (names: org.springframework.context.annotation.internalScheduledAnnotationProcessor; SearchStrategy: all) did not find any beans named org.springframework.context.annotation.internalScheduledAnnotationProcessor (OnBeanCondition)

   TaskSchedulingConfigurations.SimpleAsyncTaskSchedulerBuilderConfiguration#simpleAsyncTaskSchedulerBuilderVirtualThreads:
      Did not match:
         - @ConditionalOnMissingBean (types: org.springframework.boot.task.SimpleAsyncTaskSchedulerBuilder; SearchStrategy: all) found beans of type 'org.springframework.boot.task.SimpleAsyncTaskSchedulerBuilder' simpleAsyncTaskSchedulerBuilder (OnBeanCondition)

   TaskSchedulingConfigurations.TaskSchedulerConfiguration:
      Did not match:
         - @ConditionalOnBean (names: org.springframework.context.annotation.internalScheduledAnnotationProcessor; SearchStrategy: all) did not find any beans named org.springframework.context.annotation.internalScheduledAnnotationProcessor (OnBeanCondition)

   ThymeleafAutoConfiguration:
      Did not match:
         - @ConditionalOnClass did not find required class 'org.thymeleaf.spring6.SpringTemplateEngine' (OnClassCondition)

   TransactionAutoConfiguration#transactionalOperator:
      Did not match:
         - @ConditionalOnSingleCandidate (types: org.springframework.transaction.ReactiveTransactionManager; SearchStrategy: all) did not find any beans (OnBeanCondition)

   TransactionAutoConfiguration.AspectJTransactionManagementConfiguration:
      Did not match:
         - @ConditionalOnBean (types: org.springframework.transaction.aspectj.AbstractTransactionAspect; SearchStrategy: all) did not find any beans of type org.springframework.transaction.aspectj.AbstractTransactionAspect (OnBeanCondition)

   TransactionAutoConfiguration.EnableTransactionManagementConfiguration.JdkDynamicAutoProxyConfiguration:
      Did not match:
         - @ConditionalOnBooleanProperty (spring.aop.proxy-target-class=false) did not find property 'spring.aop.proxy-target-class' (OnPropertyCondition)

   UserDetailsServiceAutoConfiguration:
      Did not match:
         - @ConditionalOnMissingBean (types: org.springframework.security.authentication.AuthenticationManager,org.springframework.security.authentication.AuthenticationProvider,org.springframework.security.core.userdetails.UserDetailsService,org.springframework.security.authentication.AuthenticationManagerResolver,?; SearchStrategy: all) found beans of type 'org.springframework.security.authentication.AuthenticationManager' authenticationManager and found beans of type 'org.springframework.security.core.userdetails.UserDetailsService' userAccountDetailsService and found beans of type 'org.springframework.security.authentication.AuthenticationProvider' authenticationProvider (OnBeanCondition)
      Matched:
         - @ConditionalOnClass found required class 'org.springframework.security.authentication.AuthenticationManager' (OnClassCondition)
         - found 'session' scope (OnWebApplicationCondition)
         - AnyNestedCondition 1 matched 2 did not; NestedCondition on UserDetailsServiceAutoConfiguration.MissingAlternativeOrUserPropertiesConfigured.PasswordConfigured @ConditionalOnProperty (spring.security.user.password) did not find property 'spring.security.user.password'; NestedCondition on UserDetailsServiceAutoConfiguration.MissingAlternativeOrUserPropertiesConfigured.NameConfigured @ConditionalOnProperty (spring.security.user.name) did not find property 'spring.security.user.name'; NestedCondition on UserDetailsServiceAutoConfiguration.MissingAlternativeOrUserPropertiesConfigured.MissingAlternative @ConditionalOnMissingClass did not find unwanted classes 'org.springframework.security.oauth2.client.registration.ClientRegistrationRepository', 'org.springframework.security.oauth2.server.resource.introspection.OpaqueTokenIntrospector', 'org.springframework.security.saml2.provider.service.registration.RelyingPartyRegistrationRepository' (UserDetailsServiceAutoConfiguration.MissingAlternativeOrUserPropertiesConfigured)

   WebClientAutoConfiguration:
      Did not match:
         - @ConditionalOnClass did not find required class 'org.springframework.web.reactive.function.client.WebClient' (OnClassCondition)

   WebFluxAutoConfiguration:
      Did not match:
         - @ConditionalOnClass did not find required class 'org.springframework.web.reactive.config.WebFluxConfigurer' (OnClassCondition)

   WebMvcAutoConfiguration#hiddenHttpMethodFilter:
      Did not match:
         - @ConditionalOnBooleanProperty (spring.mvc.hiddenmethod.filter.enabled=true) did not find property 'spring.mvc.hiddenmethod.filter.enabled' (OnPropertyCondition)

   WebMvcAutoConfiguration.ProblemDetailsErrorHandlingConfiguration:
      Did not match:
         - @ConditionalOnBooleanProperty (spring.mvc.problemdetails.enabled=true) did not find property 'spring.mvc.problemdetails.enabled' (OnPropertyCondition)

   WebMvcAutoConfiguration.ResourceChainCustomizerConfiguration:
      Did not match:
         - @ConditionalOnEnabledResourceChain did not find class org.webjars.WebJarVersionLocator (OnEnabledResourceChainCondition)

   WebMvcAutoConfiguration.WebMvcAutoConfigurationAdapter#beanNameViewResolver:
      Did not match:
         - @ConditionalOnMissingBean (types: org.springframework.web.servlet.view.BeanNameViewResolver; SearchStrategy: all) found beans of type 'org.springframework.web.servlet.view.BeanNameViewResolver' beanNameViewResolver (OnBeanCondition)

   WebServiceTemplateAutoConfiguration:
      Did not match:
         - @ConditionalOnClass did not find required class 'org.springframework.oxm.Marshaller' (OnClassCondition)

   WebServicesAutoConfiguration:
      Did not match:
         - @ConditionalOnClass did not find required class 'org.springframework.ws.transport.http.MessageDispatcherServlet' (OnClassCondition)

   WebSessionIdResolverAutoConfiguration:
      Did not match:
         - @ConditionalOnClass did not find required class 'reactor.core.publisher.Mono' (OnClassCondition)

   WebSocketMessagingAutoConfiguration:
      Did not match:
         - @ConditionalOnClass did not find required class 'org.springframework.web.socket.config.annotation.WebSocketMessageBrokerConfigurer' (OnClassCondition)

   WebSocketReactiveAutoConfiguration:
      Did not match:
         - @ConditionalOnWebApplication did not find reactive web application classes (OnWebApplicationCondition)

   WebSocketServletAutoConfiguration.JettyWebSocketConfiguration:
      Did not match:
         - @ConditionalOnClass did not find required class 'org.eclipse.jetty.ee10.websocket.jakarta.server.config.JakartaWebSocketServletContainerInitializer' (OnClassCondition)

   WebSocketServletAutoConfiguration.UndertowWebSocketConfiguration:
      Did not match:
         - @ConditionalOnClass did not find required class 'io.undertow.websockets.jsr.Bootstrap' (OnClassCondition)

   XADataSourceAutoConfiguration:
      Did not match:
         - @ConditionalOnBean (types: org.springframework.boot.jdbc.XADataSourceWrapper; SearchStrategy: all) did not find any beans of type org.springframework.boot.jdbc.XADataSourceWrapper (OnBeanCondition)
      Matched:
         - @ConditionalOnClass found required classes 'javax.sql.DataSource', 'jakarta.transaction.TransactionManager', 'org.springframework.jdbc.datasource.embedded.EmbeddedDatabaseType' (OnClassCondition)


Exclusions:
-----------

    None


Unconditional classes:
----------------------

    org.springframework.boot.autoconfigure.context.ConfigurationPropertiesAutoConfiguration

    org.springframework.boot.autoconfigure.ssl.SslAutoConfiguration

    org.springframework.boot.autoconfigure.context.LifecycleAutoConfiguration

    org.springframework.boot.autoconfigure.context.PropertyPlaceholderAutoConfiguration

    org.springframework.boot.autoconfigure.availability.ApplicationAvailabilityAutoConfiguration

    org.springframework.boot.autoconfigure.info.ProjectInfoAutoConfiguration



2026-04-29T17:14:19.126-03:00 DEBUG 109320 --- [escala-shekinah] [           main] o.s.b.d.LoggingFailureAnalysisReporter   : Application failed to start due to an exception

org.springframework.boot.web.server.PortInUseException: Port 8081 is already in use
	at org.springframework.boot.web.server.PortInUseException.lambda$throwIfPortBindingException$0(PortInUseException.java:71) ~[spring-boot-3.5.6.jar:3.5.6]
	at org.springframework.boot.web.server.PortInUseException.lambda$ifPortBindingException$1(PortInUseException.java:86) ~[spring-boot-3.5.6.jar:3.5.6]
	at org.springframework.boot.web.server.PortInUseException.ifCausedBy(PortInUseException.java:104) ~[spring-boot-3.5.6.jar:3.5.6]
	at org.springframework.boot.web.server.PortInUseException.ifPortBindingException(PortInUseException.java:83) ~[spring-boot-3.5.6.jar:3.5.6]
	at org.springframework.boot.web.server.PortInUseException.throwIfPortBindingException(PortInUseException.java:70) ~[spring-boot-3.5.6.jar:3.5.6]
	at org.springframework.boot.web.embedded.tomcat.TomcatWebServer.start(TomcatWebServer.java:250) ~[spring-boot-3.5.6.jar:3.5.6]
	at org.springframework.boot.web.servlet.context.WebServerStartStopLifecycle.start(WebServerStartStopLifecycle.java:44) ~[spring-boot-3.5.6.jar:3.5.6]
	at org.springframework.context.support.DefaultLifecycleProcessor.doStart(DefaultLifecycleProcessor.java:405) ~[spring-context-6.2.11.jar:6.2.11]
	at org.springframework.context.support.DefaultLifecycleProcessor.doStart(DefaultLifecycleProcessor.java:394) ~[spring-context-6.2.11.jar:6.2.11]
	at org.springframework.context.support.DefaultLifecycleProcessor$LifecycleGroup.start(DefaultLifecycleProcessor.java:586) ~[spring-context-6.2.11.jar:6.2.11]
	at java.base/java.lang.Iterable.forEach(Iterable.java:75) ~[na:na]
	at org.springframework.context.support.DefaultLifecycleProcessor.startBeans(DefaultLifecycleProcessor.java:364) ~[spring-context-6.2.11.jar:6.2.11]
	at org.springframework.context.support.DefaultLifecycleProcessor.onRefresh(DefaultLifecycleProcessor.java:310) ~[spring-context-6.2.11.jar:6.2.11]
	at org.springframework.context.support.AbstractApplicationContext.finishRefresh(AbstractApplicationContext.java:1006) ~[spring-context-6.2.11.jar:6.2.11]
	at org.springframework.context.support.AbstractApplicationContext.refresh(AbstractApplicationContext.java:630) ~[spring-context-6.2.11.jar:6.2.11]
	at org.springframework.boot.web.servlet.context.ServletWebServerApplicationContext.refresh(ServletWebServerApplicationContext.java:146) ~[spring-boot-3.5.6.jar:3.5.6]
	at org.springframework.boot.SpringApplication.refresh(SpringApplication.java:752) ~[spring-boot-3.5.6.jar:3.5.6]
	at org.springframework.boot.SpringApplication.refreshContext(SpringApplication.java:439) ~[spring-boot-3.5.6.jar:3.5.6]
	at org.springframework.boot.SpringApplication.run(SpringApplication.java:318) ~[spring-boot-3.5.6.jar:3.5.6]
	at org.springframework.boot.SpringApplication.run(SpringApplication.java:1361) ~[spring-boot-3.5.6.jar:3.5.6]
	at org.springf2026-04-29T17:14:43.485-03:00 DEBUG 95500 --- [escala-shekinah] [nio-8081-exec-3] o.s.web.servlet.DispatcherServlet        : GET "/api/ministries", parameters={}
2026-04-29T17:14:43.485-03:00 DEBUG 95500 --- [escala-shekinah] [nio-8081-exec-3] s.w.s.m.m.a.RequestMappingHandlerMapping : Mapped to br.com.escalas.api.ministry.MinistryController#findAll()
2026-04-29T17:14:43.489-03:00 DEBUG 95500 --- [escala-shekinah] [nio-8081-exec-3] org.hibernate.SQL                        : 
    select
        m1_0.id,
        m1_0.active,
        m1_0.created_at,
        m1_0.description,
        m1_0.name,
        m1_0.updated_at 
    from
        ministries m1_0
2026-04-29T17:14:43.491-03:00 DEBUG 95500 --- [escala-shekinah] [nio-8081-exec-3] m.m.a.RequestResponseBodyMethodProcessor : Using 'application/json', given [*/*] and supported [application/json, application/*+json]
2026-04-29T17:14:43.492-03:00 DEBUG 95500 --- [escala-shekinah] [nio-8081-exec-3] m.m.a.RequestResponseBodyMethodProcessor : Writing [[MinistryResponse[id=1, name=Diaconos, description=Diaconos, active=true], MinistryResponse[id=2, na (truncated)...]
2026-04-29T17:14:43.492-03:00 DEBUG 95500 --- [escala-shekinah] [nio-8081-exec-3] o.s.web.servlet.DispatcherServlet        : Completed 200 OK
2026-04-29T17:14:54.636-03:00 DEBUG 95500 --- [escala-shekinah] [nio-8081-exec-5] o.s.web.servlet.DispatcherServlet        : POST "/api/auth/login", parameters={}
2026-04-29T17:14:54.636-03:00 DEBUG 95500 --- [escala-shekinah] [nio-8081-exec-5] s.w.s.m.m.a.RequestMappingHandlerMapping : Mapped to br.com.escalas.api.auth.AuthController#login(AuthRequest)
2026-04-29T17:14:54.647-03:00 DEBUG 95500 --- [escala-shekinah] [nio-8081-exec-5] m.m.a.RequestResponseBodyMethodProcessor : Read "application/json;charset=UTF-8" to [AuthRequest[username=novo_login_20260429, password=1234]]
2026-04-29T17:14:54.750-03:00 DEBUG 95500 --- [escala-shekinah] [nio-8081-exec-5] org.hibernate.SQL                        : 
    select
        ua1_0.id,
        ua1_0.active,
        ua1_0.created_at,
        ua1_0.password_hash,
        ua1_0.role,
        ua1_0.updated_at,
        ua1_0.username,
        ua1_0.volunteer_id 
    from
        user_accounts ua1_0 
    where
        upper(ua1_0.username)=upper(?)
2026-04-29T17:14:54.807-03:00 DEBUG 95500 --- [escala-shekinah] [nio-8081-exec-5] .m.m.a.ExceptionHandlerExceptionResolver : Using @ExceptionHandler br.com.escalas.api.exception.GlobalExceptionHandler#handleCredentials(RuntimeException, HttpServletRequest)
2026-04-29T17:14:54.811-03:00 DEBUG 95500 --- [escala-shekinah] [nio-8081-exec-5] o.s.w.s.m.m.a.HttpEntityMethodProcessor  : Using 'application/json', given [*/*] and supported [application/json, application/*+json]
2026-04-29T17:14:54.813-03:00 DEBUG 95500 --- [escala-shekinah] [nio-8081-exec-5] o.s.w.s.m.m.a.HttpEntityMethodProcessor  : Writing [ApiErrorResponse[timestamp=2026-04-29T17:14:54.809309700, status=401, error=Unauthorized, message=Ba (truncated)...]
2026-04-29T17:14:54.814-03:00 DEBUG 95500 --- [escala-shekinah] [nio-8081-exec-5] .m.m.a.ExceptionHandlerExceptionResolver : Resolved [org.springframework.security.authentication.BadCredentialsException: Bad credentials]
2026-04-29T17:14:54.814-03:00 DEBUG 95500 --- [escala-shekinah] [nio-8081-exec-5] o.s.web.servlet.DispatcherServlet        : Completed 401 UNAUTHORIZED
2026-04-29T17:14:54.953-03:00 DEBUG 95500 --- [escala-shekinah] [nio-8081-exec-6] o.s.web.servlet.DispatcherServlet        : "ERROR" dispatch for GET "/error", parameters={}
2026-04-29T17:14:54.953-03:00 DEBUG 95500 --- [escala-shekinah] [nio-8081-exec-6] s.w.s.m.m.a.RequestMappingHandlerMapping : Mapped to org.springframework.boot.autoconfigure.web.servlet.error.BasicErrorController#error(HttpServletRequest)
2026-04-29T17:14:54.955-03:00 DEBUG 95500 --- [escala-shekinah] [nio-8081-exec-6] o.s.w.s.m.m.a.HttpEntityMethodProcessor  : Using 'application/json', given [*/*] and supported [application/json, application/*+json]
2026-04-29T17:14:54.955-03:00 DEBUG 95500 --- [escala-shekinah] [nio-8081-exec-6] o.s.w.s.m.m.a.HttpEntityMethodProcessor  : Writing [{timestamp=Wed Apr 29 17:14:54 BRT 2026, status=403, error=Forbidden, path=/api/volunteers/me}]
2026-04-29T17:14:54.959-03:00 DEBUG 95500 --- [escala-shekinah] [nio-8081-exec-6] o.s.web.servlet.DispatcherServlet        : Exiting from "ERROR" dispatch, status 403
2026-04-29T17:15:07.636-03:00 DEBUG 95500 --- [escala-shekinah] [nio-8081-exec-8] o.s.web.servlet.DispatcherServlet        : POST "/api/auth/register", parameters={}
2026-04-29T17:15:07.636-03:00 DEBUG 95500 --- [escala-shekinah] [nio-8081-exec-8] s.w.s.m.m.a.RequestMappingHandlerMapping : Mapped to br.com.escalas.api.auth.AuthController#register(RegisterRequest)
2026-04-29T17:15:07.640-03:00 DEBUG 95500 --- [escala-shekinah] [nio-8081-exec-8] m.m.a.RequestResponseBodyMethodProcessor : Read "application/json;charset=UTF-8" to [RegisterRequest[fullName=Novo Login, username=novo_login_20260429, email=novo@login.com, phone=11988 (truncated)...]
2026-04-29T17:15:07.646-03:00 DEBUG 95500 --- [escala-shekinah] [nio-8081-exec-8] org.hibernate.SQL                        : 
    select
        v1_0.id,
        v1_0.active,
        v1_0.created_at,
        v1_0.email,
        v1_0.full_name,
        v1_0.notes,
        v1_0.phone,
        v1_0.updated_at,
        v1_0.username 
    from
        volunteers v1_0 
    where
        upper(v1_0.username)=upper(?)
2026-04-29T17:15:07.648-03:00 DEBUG 95500 --- [escala-shekinah] [nio-8081-exec-8] org.hibernate.SQL                        : 
    select
        ua1_0.id,
        ua1_0.active,
        ua1_0.created_at,
        ua1_0.password_hash,
        ua1_0.role,
        ua1_0.updated_at,
        ua1_0.username,
        ua1_0.volunteer_id 
    from
        user_accounts ua1_0 
    where
        upper(ua1_0.username)=upper(?)
2026-04-29T17:15:07.652-03:00 DEBUG 95500 --- [escala-shekinah] [nio-8081-exec-8] org.hibernate.SQL                        : 
    select
        m1_0.id,
        m1_0.active,
        m1_0.created_at,
        m1_0.description,
        m1_0.name,
        m1_0.updated_at 
    from
        ministries m1_0 
    where
        m1_0.id=?
2026-04-29T17:15:07.668-03:00 DEBUG 95500 --- [escala-shekinah] [nio-8081-exec-8] org.hibernate.SQL                        : 
    insert 
    into
        volunteers
        (active, created_at, email, full_name, notes, phone, updated_at, username) 
    values
        (?, ?, ?, ?, ?, ?, ?, ?)
2026-04-29T17:15:07.731-03:00 DEBUG 95500 --- [escala-shekinah] [nio-8081-exec-8] org.hibernate.SQL                        : 
    insert 
    into
        user_accounts
        (active, created_at, password_hash, role, updated_at, username, volunteer_id) 
    values
        (?, ?, ?, ?, ?, ?, ?)
2026-04-29T17:15:07.740-03:00 DEBUG 95500 --- [escala-shekinah] [nio-8081-exec-8] org.hibernate.SQL                        : 
    insert 
    into
        volunteer_ministries
        (volunteer_id, ministry_id) 
    values
        (?, ?)
2026-04-29T17:15:07.744-03:00 DEBUG 95500 --- [escala-shekinah] [nio-8081-exec-8] org.hibernate.SQL                        : 
    select
        ua1_0.id,
        ua1_0.active,
        ua1_0.created_at,
        ua1_0.password_hash,
        ua1_0.role,
        ua1_0.updated_at,
        ua1_0.username,
        ua1_0.volunteer_id 
    from
        user_accounts ua1_0 
    where
        upper(ua1_0.username)=upper(?)
2026-04-29T17:15:07.827-03:00 DEBUG 95500 --- [escala-shekinah] [nio-8081-exec-9] o.s.web.servlet.DispatcherServlet        : POST "/api/auth/login", parameters={}
2026-04-29T17:15:07.827-03:00 DEBUG 95500 --- [escala-shekinah] [nio-8081-exec-9] s.w.s.m.m.a.RequestMappingHandlerMapping : Mapped to br.com.escalas.api.auth.AuthController#login(AuthRequest)
2026-04-29T17:15:07.827-03:00 DEBUG 95500 --- [escala-shekinah] [nio-8081-exec-9] m.m.a.RequestResponseBodyMethodProcessor : Read "application/json;charset=UTF-8" to [AuthRequest[username=novo_login_20260429, password=1234]]
2026-04-29T17:15:07.828-03:00 DEBUG 95500 --- [escala-shekinah] [nio-8081-exec-9] org.hibernate.SQL                        : 
    select
        ua1_0.id,
        ua1_0.active,
        ua1_0.created_at,
        ua1_0.password_hash,
        ua1_0.role,
        ua1_0.updated_at,
        ua1_0.username,
        ua1_0.volunteer_id 
    from
        user_accounts ua1_0 
    where
        upper(ua1_0.username)=upper(?)
2026-04-29T17:15:07.846-03:00 DEBUG 95500 --- [escala-shekinah] [nio-8081-exec-8] m.m.a.RequestResponseBodyMethodProcessor : Using 'application/json', given [*/*] and supported [application/json, application/*+json]
2026-04-29T17:15:07.847-03:00 DEBUG 95500 --- [escala-shekinah] [nio-8081-exec-8] m.m.a.RequestResponseBodyMethodProcessor : Writing [AuthResponse[token=eyJhbGciOiJIUzI1NiJ9.eyJzdWIiOiJub3ZvX2xvZ2luXzIwMjYwNDI5Iiwicm9sZSI6IlZPTFVOVEFS (truncated)...]
2026-04-29T17:15:07.848-03:00 DEBUG 95500 --- [escala-shekinah] [nio-8081-exec-8] o.s.web.servlet.DispatcherServlet        : Completed 201 CREATED
2026-04-29T17:15:07.882-03:00 DEBUG 95500 --- [escala-shekinah] [nio-8081-exec-9] m.m.a.RequestResponseBodyMethodProcessor : Using 'application/json', given [*/*] and supported [application/json, application/*+json]
2026-04-29T17:15:07.882-03:00 DEBUG 95500 --- [escala-shekinah] [nio-8081-exec-9] m.m.a.RequestResponseBodyMethodProcessor : Writing [AuthResponse[token=eyJhbGciOiJIUzI1NiJ9.eyJzdWIiOiJub3ZvX2xvZ2luXzIwMjYwNDI5Iiwicm9sZSI6IlZPTFVOVEFS (truncated)...]
2026-04-29T17:15:07.882-03:00 DEBUG 95500 --- [escala-shekinah] [nio-8081-exec-9] o.s.web.servlet.DispatcherServlet        : Completed 200 OK
2026-04-29T17:15:07.907-03:00 DEBUG 95500 --- [escala-shekinah] [io-8081-exec-10] org.hibernate.SQL                        : 
    select
        ua1_0.id,
        ua1_0.active,
        ua1_0.created_at,
        ua1_0.password_hash,
        ua1_0.role,
        ua1_0.updated_at,
        ua1_0.username,
        ua1_0.volunteer_id 
    from
        user_accounts ua1_0 
    where
        upper(ua1_0.username)=upper(?)
2026-04-29T17:15:07.910-03:00 DEBUG 95500 --- [escala-shekinah] [io-8081-exec-10] o.s.web.servlet.DispatcherServlet        : GET "/api/volunteers/me", parameters={}
2026-04-29T17:15:07.910-03:00 DEBUG 95500 --- [escala-shekinah] [io-8081-exec-10] s.w.s.m.m.a.RequestMappingHandlerMapping : Mapped to br.com.escalas.api.volunteer.VolunteerController#me(AuthenticatedUser)
2026-04-29T17:15:07.918-03:00 DEBUG 95500 --- [escala-shekinah] [io-8081-exec-10] org.hibernate.SQL                        : 
    select
        v1_0.id,
        v1_0.active,
        v1_0.created_at,
        v1_0.email,
        v1_0.full_name,
        m1_0.volunteer_id,
        m1_1.id,
        m1_1.active,
        m1_1.created_at,
        m1_1.description,
        m1_1.name,
        m1_1.updated_at,
        v1_0.notes,
        v1_0.phone,
        v1_0.updated_at,
        v1_0.username 
    from
        volunteers v1_0 
    left join
        volunteer_ministries m1_0 
            on v1_0.id=m1_0.volunteer_id 
    left join
        ministries m1_1 
            on m1_1.id=m1_0.ministry_id 
    where
        v1_0.id=?
2026-04-29T17:15:07.922-03:00 DEBUG 95500 --- [escala-shekinah] [io-8081-exec-10] m.m.a.RequestResponseBodyMethodProcessor : Using 'application/json', given [*/*] and supported [application/json, application/*+json]
2026-04-29T17:15:07.924-03:00 DEBUG 95500 --- [escala-shekinah] [io-8081-exec-10] m.m.a.RequestResponseBodyMethodProcessor : Writing [VolunteerResponse[id=6, fullName=Novo Login, username=novo_login_20260429, email=novo@login.com, pho (truncated)...]
2026-04-29T17:15:07.925-03:00 DEBUG 95500 --- [escala-shekinah] [io-8081-exec-10] o.s.web.servlet.DispatcherServlet        : Completed 200 OK
2026-04-29T17:22:58.874-03:00 DEBUG 95500 --- [escala-shekinah] [nio-8081-exec-4] o.s.web.servlet.DispatcherServlet        : GET "/api/ministries", parameters={}
2026-04-29T17:22:58.874-03:00 DEBUG 95500 --- [escala-shekinah] [nio-8081-exec-4] s.w.s.m.m.a.RequestMappingHandlerMapping : Mapped to br.com.escalas.api.ministry.MinistryController#findAll()
2026-04-29T17:22:58.879-03:00 DEBUG 95500 --- [escala-shekinah] [nio-8081-exec-4] org.hibernate.SQL                        : 
    select
        m1_0.id,
        m1_0.active,
        m1_0.created_at,
        m1_0.description,
        m1_0.name,
        m1_0.updated_at 
    from
        ministries m1_0
2026-04-29T17:22:58.882-03:00 DEBUG 95500 --- [escala-shekinah] [nio-8081-exec-4] m.m.a.RequestResponseBodyMethodProcessor : Using 'application/json', given [*/*] and supported [application/json, application/*+json]
2026-04-29T17:22:58.882-03:00 DEBUG 95500 --- [escala-shekinah] [nio-8081-exec-4] m.m.a.RequestResponseBodyMethodProcessor : Writing [[MinistryResponse[id=1, name=Diaconos, description=Diaconos, active=true], MinistryResponse[id=2, na (truncated)...]
2026-04-29T17:22:58.882-03:00 DEBUG 95500 --- [escala-shekinah] [nio-8081-exec-4] o.s.web.servlet.DispatcherServlet        : Completed 200 OK
2026-04-29T17:23:53.181-03:00 DEBUG 95500 --- [escala-shekinah] [nio-8081-exec-6] o.s.web.servlet.DispatcherServlet        : POST "/api/auth/register", parameters={}
2026-04-29T17:23:53.181-03:00 DEBUG 95500 --- [escala-shekinah] [nio-8081-exec-6] s.w.s.m.m.a.RequestMappingHandlerMapping : Mapped to br.com.escalas.api.auth.AuthController#register(RegisterRequest)
2026-04-29T17:23:53.181-03:00 DEBUG 95500 --- [escala-shekinah] [nio-8081-exec-6] m.m.a.RequestResponseBodyMethodProcessor : Read "application/json;charset=UTF-8" to [RegisterRequest[fullName=Paulo eduardo, username=Paulo, email=teste@teste.com, phone=6199630933, not (truncated)...]
2026-04-29T17:23:53.181-03:00 DEBUG 95500 --- [escala-shekinah] [nio-8081-exec-6] org.hibernate.SQL                        : 
    select
        v1_0.id,
        v1_0.active,
        v1_0.created_at,
        v1_0.email,
        v1_0.full_name,
        v1_0.notes,
        v1_0.phone,
        v1_0.updated_at,
        v1_0.username 
    from
        volunteers v1_0 
    where
        upper(v1_0.username)=upper(?)
2026-04-29T17:23:53.181-03:00 DEBUG 95500 --- [escala-shekinah] [nio-8081-exec-6] org.hibernate.SQL                        : 
    select
        ua1_0.id,
        ua1_0.active,
        ua1_0.created_at,
        ua1_0.password_hash,
        ua1_0.role,
        ua1_0.updated_at,
        ua1_0.username,
        ua1_0.volunteer_id 
    from
        user_accounts ua1_0 
    where
        upper(ua1_0.username)=upper(?)
2026-04-29T17:23:53.191-03:00 DEBUG 95500 --- [escala-shekinah] [nio-8081-exec-6] org.hibernate.SQL                        : 
    select
        m1_0.id,
        m1_0.active,
        m1_0.created_at,
        m1_0.description,
        m1_0.name,
        m1_0.updated_at 
    from
        ministries m1_0 
    where
        m1_0.id=?
2026-04-29T17:23:53.191-03:00 DEBUG 95500 --- [escala-shekinah] [nio-8081-exec-6] org.hibernate.SQL                        : 
    insert 
    into
        volunteers
        (active, created_at, email, full_name, notes, phone, updated_at, username) 
    values
        (?, ?, ?, ?, ?, ?, ?, ?)
2026-04-29T17:23:53.251-03:00 DEBUG 95500 --- [escala-shekinah] [nio-8081-exec-6] org.hibernate.SQL                        : 
    insert 
    into
        user_accounts
        (active, created_at, password_hash, role, updated_at, username, volunteer_id) 
    values
        (?, ?, ?, ?, ?, ?, ?)
2026-04-29T17:23:53.260-03:00 DEBUG 95500 --- [escala-shekinah] [nio-8081-exec-6] org.hibernate.SQL                        : 
    insert 
    into
        volunteer_ministries
        (volunteer_id, ministry_id) 
    values
        (?, ?)
2026-04-29T17:23:53.260-03:00 DEBUG 95500 --- [escala-shekinah] [nio-8081-exec-6] org.hibernate.SQL                        : 
    select
        ua1_0.id,
        ua1_0.active,
        ua1_0.created_at,
        ua1_0.password_hash,
        ua1_0.role,
        ua1_0.updated_at,
        ua1_0.username,
        ua1_0.volunteer_id 
    from
        user_accounts ua1_0 
    where
        upper(ua1_0.username)=upper(?)
2026-04-29T17:23:53.341-03:00 DEBUG 95500 --- [escala-shekinah] [nio-8081-exec-6] m.m.a.RequestResponseBodyMethodProcessor : Using 'application/json', given [*/*] and supported [application/json, application/*+json]
2026-04-29T17:23:53.341-03:00 DEBUG 95500 --- [escala-shekinah] [nio-8081-exec-6] m.m.a.RequestResponseBodyMethodProcessor : Writing [AuthResponse[token=eyJhbGciOiJIUzI1NiJ9.eyJzdWIiOiJQYXVsbyIsInJvbGUiOiJWT0xVTlRBUklPIiwidm9sdW50ZWVy (truncated)...]
2026-04-29T17:23:53.343-03:00 DEBUG 95500 --- [escala-shekinah] [nio-8081-exec-6] o.s.web.servlet.DispatcherServlet        : Completed 201 CREATED
2026-04-29T17:23:53.354-03:00 DEBUG 95500 --- [escala-shekinah] [nio-8081-exec-8] org.hibernate.SQL                        : 
    select
        ua1_0.id,
        ua1_0.active,
        ua1_0.created_at,
        ua1_0.password_hash,
        ua1_0.role,
        ua1_0.updated_at,
        ua1_0.username,
        ua1_0.volunteer_id 
    from
        user_accounts ua1_0 
    where
        upper(ua1_0.username)=upper(?)
2026-04-29T17:23:53.356-03:00 DEBUG 95500 --- [escala-shekinah] [nio-8081-exec-8] o.s.web.servlet.DispatcherServlet        : GET "/api/ministries", parameters={}
2026-04-29T17:23:53.356-03:00 DEBUG 95500 --- [escala-shekinah] [nio-8081-exec-8] s.w.s.m.m.a.RequestMappingHandlerMapping : Mapped to br.com.escalas.api.ministry.MinistryController#findAll()
2026-04-29T17:23:53.360-03:00 DEBUG 95500 --- [escala-shekinah] [nio-8081-exec-8] org.hibernate.SQL                        : 
    select
        m1_0.id,
        m1_0.active,
        m1_0.created_at,
        m1_0.description,
        m1_0.name,
        m1_0.updated_at 
    from
        ministries m1_0
2026-04-29T17:23:53.362-03:00 DEBUG 95500 --- [escala-shekinah] [nio-8081-exec-8] m.m.a.RequestResponseBodyMethodProcessor : Using 'application/json', given [*/*] and supported [application/json, application/*+json]
2026-04-29T17:23:53.363-03:00 DEBUG 95500 --- [escala-shekinah] [nio-8081-exec-8] m.m.a.RequestResponseBodyMethodProcessor : Writing [[MinistryResponse[id=1, name=Diaconos, description=Diaconos, active=true], MinistryResponse[id=2, na (truncated)...]
2026-04-29T17:23:53.363-03:00 DEBUG 95500 --- [escala-shekinah] [nio-8081-exec-8] o.s.web.servlet.DispatcherServlet        : Completed 200 OK
2026-04-29T17:23:53.370-03:00 DEBUG 95500 --- [escala-shekinah] [io-8081-exec-10] org.hibernate.SQL                        : 
    select
        ua1_0.id,
        ua1_0.active,
        ua1_0.created_at,
        ua1_0.password_hash,
        ua1_0.role,
        ua1_0.updated_at,
        ua1_0.username,
        ua1_0.volunteer_id 
    from
        user_accounts ua1_0 
    where
        upper(ua1_0.username)=upper(?)
2026-04-29T17:23:53.373-03:00 DEBUG 95500 --- [escala-shekinah] [io-8081-exec-10] o.s.web.servlet.DispatcherServlet        : GET "/api/volunteers/me", parameters={}
2026-04-29T17:23:53.373-03:00 DEBUG 95500 --- [escala-shekinah] [io-8081-exec-10] s.w.s.m.m.a.RequestMappingHandlerMapping : Mapped to br.com.escalas.api.volunteer.VolunteerController#me(AuthenticatedUser)
2026-04-29T17:23:53.376-03:00 DEBUG 95500 --- [escala-shekinah] [io-8081-exec-10] org.hibernate.SQL                        : 
    select
        v1_0.id,
        v1_0.active,
        v1_0.created_at,
        v1_0.email,
        v1_0.full_name,
        m1_0.volunteer_id,
        m1_1.id,
        m1_1.active,
        m1_1.created_at,
        m1_1.description,
        m1_1.name,
        m1_1.updated_at,
        v1_0.notes,
        v1_0.phone,
        v1_0.updated_at,
        v1_0.username 
    from
        volunteers v1_0 
    left join
        volunteer_ministries m1_0 
            on v1_0.id=m1_0.volunteer_id 
    left join
        ministries m1_1 
            on m1_1.id=m1_0.ministry_id 
    where
        v1_0.id=?
2026-04-29T17:23:53.376-03:00 DEBUG 95500 --- [escala-shekinah] [io-8081-exec-10] m.m.a.RequestResponseBodyMethodProcessor : Using 'application/json', given [*/*] and supported [application/json, application/*+json]
2026-04-29T17:23:53.376-03:00 DEBUG 95500 --- [escala-shekinah] [io-8081-exec-10] m.m.a.RequestResponseBodyMethodProcessor : Writing [VolunteerResponse[id=7, fullName=Paulo eduardo, username=Paulo, email=teste@teste.com, phone=6199630 (truncated)...]
2026-04-29T17:23:53.381-03:00 DEBUG 95500 --- [escala-shekinah] [io-8081-exec-10] o.s.web.servlet.DispatcherServlet        : Completed 200 OK
2026-04-29T17:23:53.381-03:00 DEBUG 95500 --- [escala-shekinah] [nio-8081-exec-2] org.hibernate.SQL                        : 
    select
        ua1_0.id,
        ua1_0.active,
        ua1_0.created_at,
        ua1_0.password_hash,
        ua1_0.role,
        ua1_0.updated_at,
        ua1_0.username,
        ua1_0.volunteer_id 
    from
        user_accounts ua1_0 
    where
        upper(ua1_0.username)=upper(?)
2026-04-29T17:23:53.388-03:00 DEBUG 95500 --- [escala-shekinah] [nio-8081-exec-2] o.s.web.servlet.DispatcherServlet        : GET "/api/availabilities/me", parameters={}
2026-04-29T17:23:53.391-03:00 DEBUG 95500 --- [escala-shekinah] [nio-8081-exec-2] s.w.s.m.m.a.RequestMappingHandlerMapping : Mapped to br.com.escalas.api.availability.AvailabilityController#findMine(AuthenticatedUser)
2026-04-29T17:23:53.398-03:00 DEBUG 95500 --- [escala-shekinah] [nio-8081-exec-2] org.hibernate.SQL                        : 
    select
        a1_0.id,
        a1_0.created_at,
        a1_0.day_of_week,
        a1_0.status,
        a1_0.time_slot,
        a1_0.updated_at,
        a1_0.volunteer_id 
    from
        availabilities a1_0 
    join
        volunteers v1_0 
            on v1_0.id=a1_0.volunteer_id 
    where
        v1_0.id=? 
    order by
        a1_0.day_of_week,
        a1_0.time_slot
2026-04-29T17:23:53.401-03:00 DEBUG 95500 --- [escala-shekinah] [nio-8081-exec-2] m.m.a.RequestResponseBodyMethodProcessor : Using 'application/json', given [*/*] and supported [application/json, application/*+json]
2026-04-29T17:23:53.401-03:00 DEBUG 95500 --- [escala-shekinah] [nio-8081-exec-2] m.m.a.RequestResponseBodyMethodProcessor : Writing [[]]
2026-04-29T17:23:53.405-03:00 DEBUG 95500 --- [escala-shekinah] [nio-8081-exec-2] o.s.web.servlet.DispatcherServlet        : Completed 200 OK
2026-04-29T17:23:53.412-03:00 DEBUG 95500 --- [escala-shekinah] [nio-8081-exec-4] org.hibernate.SQL                        : 
    select
        ua1_0.id,
        ua1_0.active,
        ua1_0.created_at,
        ua1_0.password_hash,
        ua1_0.role,
        ua1_0.updated_at,
        ua1_0.username,
        ua1_0.volunteer_id 
    from
        user_accounts ua1_0 
    where
        upper(ua1_0.username)=upper(?)
2026-04-29T17:23:53.412-03:00 DEBUG 95500 --- [escala-shekinah] [nio-8081-exec-4] o.s.web.servlet.DispatcherServlet        : GET "/api/schedules/me", parameters={}
2026-04-29T17:23:53.412-03:00 DEBUG 95500 --- [escala-shekinah] [nio-8081-exec-4] s.w.s.m.m.a.RequestMappingHandlerMapping : Mapped to br.com.escalas.api.schedule.ScheduleController#findMine(AuthenticatedUser)
2026-04-29T17:23:53.422-03:00 DEBUG 95500 --- [escala-shekinah] [nio-8081-exec-4] org.hibernate.SQL                        : 
    select
        s1_0.id,
        s1_0.created_at,
        s1_0.event_name,
        s1_0.location,
        s1_0.ministry_id,
        m1_0.id,
        m1_0.active,
        m1_0.created_at,
        m1_0.description,
        m1_0.name,
        m1_0.updated_at,
        s1_0.notes,
        s1_0.role_name,
        s1_0.service_date,
        s1_0.service_time,
        s1_0.time_slot,
        s1_0.updated_at,
        s1_0.volunteer_id,
        v2_0.id,
        v2_0.active,
        v2_0.created_at,
        v2_0.email,
        v2_0.full_name,
        v2_0.notes,
        v2_0.phone,
        v2_0.updated_at,
        v2_0.username 
    from
        schedules s1_0 
    join
        volunteers v1_0 
            on v1_0.id=s1_0.volunteer_id 
    join
        ministries m1_0 
            on m1_0.id=s1_0.ministry_id 
    join
        volunteers v2_0 
            on v2_0.id=s1_0.volunteer_id 
    where
        v1_0.id=? 
    order by
        s1_0.service_date,
        s1_0.service_time
2026-04-29T17:23:53.422-03:00 DEBUG 95500 --- [escala-shekinah] [nio-8081-exec-4] m.m.a.RequestResponseBodyMethodProcessor : Using 'application/json', given [*/*] and supported [application/json, application/*+json]
2026-04-29T17:23:53.422-03:00 DEBUG 95500 --- [escala-shekinah] [nio-8081-exec-4] m.m.a.RequestResponseBodyMethodProcessor : Writing [[]]
2026-04-29T17:23:53.422-03:00 DEBUG 95500 --- [escala-shekinah] [nio-8081-exec-4] o.s.web.servlet.DispatcherServlet        : Completed 200 OK
2026-04-29T17:24:13.211-03:00 DEBUG 95500 --- [escala-shekinah] [nio-8081-exec-6] o.s.web.servlet.DispatcherServlet        : POST "/api/auth/login", parameters={}
2026-04-29T17:24:13.211-03:00 DEBUG 95500 --- [escala-shekinah] [nio-8081-exec-6] s.w.s.m.m.a.RequestMappingHandlerMapping : Mapped to br.com.escalas.api.auth.AuthController#login(AuthRequest)
2026-04-29T17:24:13.211-03:00 DEBUG 95500 --- [escala-shekinah] [nio-8081-exec-6] m.m.a.RequestResponseBodyMethodProcessor : Read "application/json;charset=UTF-8" to [AuthRequest[username=Paulo, password=1234]]
2026-04-29T17:24:13.211-03:00 DEBUG 95500 --- [escala-shekinah] [nio-8081-exec-6] org.hibernate.SQL                        : 
    select
        ua1_0.id,
        ua1_0.active,
        ua1_0.created_at,
        ua1_0.password_hash,
        ua1_0.role,
        ua1_0.updated_at,
        ua1_0.username,
        ua1_0.volunteer_id 
    from
        user_accounts ua1_0 
    where
        upper(ua1_0.username)=upper(?)
2026-04-29T17:24:13.281-03:00 DEBUG 95500 --- [escala-shekinah] [nio-8081-exec-6] m.m.a.RequestResponseBodyMethodProcessor : Using 'application/json', given [*/*] and supported [application/json, application/*+json]
2026-04-29T17:24:13.281-03:00 DEBUG 95500 --- [escala-shekinah] [nio-8081-exec-6] m.m.a.RequestResponseBodyMethodProcessor : Writing [AuthResponse[token=eyJhbGciOiJIUzI1NiJ9.eyJzdWIiOiJQYXVsbyIsInJvbGUiOiJWT0xVTlRBUklPIiwidm9sdW50ZWVy (truncated)...]
2026-04-29T17:24:13.281-03:00 DEBUG 95500 --- [escala-shekinah] [nio-8081-exec-6] o.s.web.servlet.DispatcherServlet        : Completed 200 OK
2026-04-29T17:24:13.292-03:00 DEBUG 95500 --- [escala-shekinah] [nio-8081-exec-8] org.hibernate.SQL                        : 
    select
        ua1_0.id,
        ua1_0.active,
        ua1_0.created_at,
        ua1_0.password_hash,
        ua1_0.role,
        ua1_0.updated_at,
        ua1_0.username,
        ua1_0.volunteer_id 
    from
        user_accounts ua1_0 
    where
        upper(ua1_0.username)=upper(?)
2026-04-29T17:24:13.292-03:00 DEBUG 95500 --- [escala-shekinah] [nio-8081-exec-8] o.s.web.servlet.DispatcherServlet        : GET "/api/ministries", parameters={}
2026-04-29T17:24:13.292-03:00 DEBUG 95500 --- [escala-shekinah] [nio-8081-exec-8] s.w.s.m.m.a.RequestMappingHandlerMapping : Mapped to br.com.escalas.api.ministry.MinistryController#findAll()
2026-04-29T17:24:13.292-03:00 DEBUG 95500 --- [escala-shekinah] [nio-8081-exec-8] org.hibernate.SQL                        : 
    select
        m1_0.id,
        m1_0.active,
        m1_0.created_at,
        m1_0.description,
        m1_0.name,
        m1_0.updated_at 
    from
        ministries m1_0
2026-04-29T17:24:13.300-03:00 DEBUG 95500 --- [escala-shekinah] [nio-8081-exec-8] m.m.a.RequestResponseBodyMethodProcessor : Using 'application/json', given [*/*] and supported [application/json, application/*+json]
2026-04-29T17:24:13.300-03:00 DEBUG 95500 --- [escala-shekinah] [nio-8081-exec-8] m.m.a.RequestResponseBodyMethodProcessor : Writing [[MinistryResponse[id=1, name=Diaconos, description=Diaconos, active=true], MinistryResponse[id=2, na (truncated)...]
2026-04-29T17:24:13.300-03:00 DEBUG 95500 --- [escala-shekinah] [nio-8081-exec-8] o.s.web.servlet.DispatcherServlet        : Completed 200 OK
2026-04-29T17:24:13.309-03:00 DEBUG 95500 --- [escala-shekinah] [io-8081-exec-10] org.hibernate.SQL                        : 
    select
        ua1_0.id,
        ua1_0.active,
        ua1_0.created_at,
        ua1_0.password_hash,
        ua1_0.role,
        ua1_0.updated_at,
        ua1_0.username,
        ua1_0.volunteer_id 
    from
        user_accounts ua1_0 
    where
        upper(ua1_0.username)=upper(?)
2026-04-29T17:24:13.311-03:00 DEBUG 95500 --- [escala-shekinah] [io-8081-exec-10] o.s.web.servlet.DispatcherServlet        : GET "/api/volunteers/me", parameters={}
2026-04-29T17:24:13.312-03:00 DEBUG 95500 --- [escala-shekinah] [io-8081-exec-10] s.w.s.m.m.a.RequestMappingHandlerMapping : Mapped to br.com.escalas.api.volunteer.VolunteerController#me(AuthenticatedUser)
2026-04-29T17:24:13.313-03:00 DEBUG 95500 --- [escala-shekinah] [io-8081-exec-10] org.hibernate.SQL                        : 
    select
        v1_0.id,
        v1_0.active,
        v1_0.created_at,
        v1_0.email,
        v1_0.full_name,
        m1_0.volunteer_id,
        m1_1.id,
        m1_1.active,
        m1_1.created_at,
        m1_1.description,
        m1_1.name,
        m1_1.updated_at,
        v1_0.notes,
        v1_0.phone,
        v1_0.updated_at,
        v1_0.username 
    from
        volunteers v1_0 
    left join
        volunteer_ministries m1_0 
            on v1_0.id=m1_0.volunteer_id 
    left join
        ministries m1_1 
            on m1_1.id=m1_0.ministry_id 
    where
        v1_0.id=?
2026-04-29T17:24:13.315-03:00 DEBUG 95500 --- [escala-shekinah] [io-8081-exec-10] m.m.a.RequestResponseBodyMethodProcessor : Using 'application/json', given [*/*] and supported [application/json, application/*+json]
2026-04-29T17:24:13.315-03:00 DEBUG 95500 --- [escala-shekinah] [io-8081-exec-10] m.m.a.RequestResponseBodyMethodProcessor : Writing [VolunteerResponse[id=7, fullName=Paulo eduardo, username=Paulo, email=teste@teste.com, phone=6199630 (truncated)...]
2026-04-29T17:24:13.316-03:00 DEBUG 95500 --- [escala-shekinah] [io-8081-exec-10] o.s.web.servlet.DispatcherServlet        : Completed 200 OK
2026-04-29T17:24:13.323-03:00 DEBUG 95500 --- [escala-shekinah] [nio-8081-exec-2] org.hibernate.SQL                        : 
    select
        ua1_0.id,
        ua1_0.active,
        ua1_0.created_at,
        ua1_0.password_hash,
        ua1_0.role,
        ua1_0.updated_at,
        ua1_0.username,
        ua1_0.volunteer_id 
    from
        user_accounts ua1_0 
    where
        upper(ua1_0.username)=upper(?)
2026-04-29T17:24:13.324-03:00 DEBUG 95500 --- [escala-shekinah] [nio-8081-exec-2] o.s.web.servlet.DispatcherServlet        : GET "/api/availabilities/me", parameters={}
2026-04-29T17:24:13.324-03:00 DEBUG 95500 --- [escala-shekinah] [nio-8081-exec-2] s.w.s.m.m.a.RequestMappingHandlerMapping : Mapped to br.com.escalas.api.availability.AvailabilityController#findMine(AuthenticatedUser)
2026-04-29T17:24:13.324-03:00 DEBUG 95500 --- [escala-shekinah] [nio-8081-exec-2] org.hibernate.SQL                        : 
    select
        a1_0.id,
        a1_0.created_at,
        a1_0.day_of_week,
        a1_0.status,
        a1_0.time_slot,
        a1_0.updated_at,
        a1_0.volunteer_id 
    from
        availabilities a1_0 
    join
        volunteers v1_0 
            on v1_0.id=a1_0.volunteer_id 
    where
        v1_0.id=? 
    order by
        a1_0.day_of_week,
        a1_0.time_slot
2026-04-29T17:24:13.330-03:00 DEBUG 95500 --- [escala-shekinah] [nio-8081-exec-2] m.m.a.RequestResponseBodyMethodProcessor : Using 'application/json', given [*/*] and supported [application/json, application/*+json]
2026-04-29T17:24:13.330-03:00 DEBUG 95500 --- [escala-shekinah] [nio-8081-exec-2] m.m.a.RequestResponseBodyMethodProcessor : Writing [[]]
2026-04-29T17:24:13.331-03:00 DEBUG 95500 --- [escala-shekinah] [nio-8081-exec-2] o.s.web.servlet.DispatcherServlet        : Completed 200 OK
2026-04-29T17:24:13.334-03:00 DEBUG 95500 --- [escala-shekinah] [nio-8081-exec-4] org.hibernate.SQL                        : 
    select
        ua1_0.id,
        ua1_0.active,
        ua1_0.created_at,
        ua1_0.password_hash,
        ua1_0.role,
        ua1_0.updated_at,
        ua1_0.username,
        ua1_0.volunteer_id 
    from
        user_accounts ua1_0 
    where
        upper(ua1_0.username)=upper(?)
2026-04-29T17:24:13.342-03:00 DEBUG 95500 --- [escala-shekinah] [nio-8081-exec-4] o.s.web.servlet.DispatcherServlet        : GET "/api/schedules/me", parameters={}
2026-04-29T17:24:13.342-03:00 DEBUG 95500 --- [escala-shekinah] [nio-8081-exec-4] s.w.s.m.m.a.RequestMappingHandlerMapping : Mapped to br.com.escalas.api.schedule.ScheduleController#findMine(AuthenticatedUser)
2026-04-29T17:24:13.344-03:00 DEBUG 95500 --- [escala-shekinah] [nio-8081-exec-4] org.hibernate.SQL                        : 
    select
        s1_0.id,
        s1_0.created_at,
        s1_0.event_name,
        s1_0.location,
        s1_0.ministry_id,
        m1_0.id,
        m1_0.active,
        m1_0.created_at,
        m1_0.description,
        m1_0.name,
        m1_0.updated_at,
        s1_0.notes,
        s1_0.role_name,
        s1_0.service_date,
        s1_0.service_time,
        s1_0.time_slot,
        s1_0.updated_at,
        s1_0.volunteer_id,
        v2_0.id,
        v2_0.active,
        v2_0.created_at,
        v2_0.email,
        v2_0.full_name,
        v2_0.notes,
        v2_0.phone,
        v2_0.updated_at,
        v2_0.username 
    from
        schedules s1_0 
    join
        volunteers v1_0 
            on v1_0.id=s1_0.volunteer_id 
    join
        ministries m1_0 
            on m1_0.id=s1_0.ministry_id 
    join
        volunteers v2_0 
            on v2_0.id=s1_0.volunteer_id 
    where
        v1_0.id=? 
    order by
        s1_0.service_date,
        s1_0.service_time
2026-04-29T17:24:13.344-03:00 DEBUG 95500 --- [escala-shekinah] [nio-8081-exec-4] m.m.a.RequestResponseBodyMethodProcessor : Using 'application/json', given [*/*] and supported [application/json, application/*+json]
2026-04-29T17:24:13.344-03:00 DEBUG 95500 --- [escala-shekinah] [nio-8081-exec-4] m.m.a.RequestResponseBodyMethodProcessor : Writing [[]]
2026-04-29T17:24:13.344-03:00 DEBUG 95500 --- [escala-shekinah] [nio-8081-exec-4] o.s.web.servlet.DispatcherServlet        : Completed 200 OK
2026-04-29T17:25:06.569-03:00 DEBUG 95500 --- [escala-shekinah] [nio-8081-exec-6] o.s.web.servlet.DispatcherServlet        : POST "/api/auth/login", parameters={}
2026-04-29T17:25:06.569-03:00 DEBUG 95500 --- [escala-shekinah] [nio-8081-exec-6] s.w.s.m.m.a.RequestMappingHandlerMapping : Mapped to br.com.escalas.api.auth.AuthController#login(AuthRequest)
2026-04-29T17:25:06.569-03:00 DEBUG 95500 --- [escala-shekinah] [nio-8081-exec-6] m.m.a.RequestResponseBodyMethodProcessor : Read "application/json;charset=UTF-8" to [AuthRequest[username=admin, password=12343]]
2026-04-29T17:25:06.569-03:00 DEBUG 95500 --- [escala-shekinah] [nio-8081-exec-6] org.hibernate.SQL                        : 
    select
        ua1_0.id,
        ua1_0.active,
        ua1_0.created_at,
        ua1_0.password_hash,
        ua1_0.role,
        ua1_0.updated_at,
        ua1_0.username,
        ua1_0.volunteer_id 
    from
        user_accounts ua1_0 
    where
        upper(ua1_0.username)=upper(?)
2026-04-29T17:25:06.643-03:00 DEBUG 95500 --- [escala-shekinah] [nio-8081-exec-6] .m.m.a.ExceptionHandlerExceptionResolver : Using @ExceptionHandler br.com.escalas.api.exception.GlobalExceptionHandler#handleCredentials(RuntimeException, HttpServletRequest)
2026-04-29T17:25:06.643-03:00 DEBUG 95500 --- [escala-shekinah] [nio-8081-exec-6] o.s.w.s.m.m.a.HttpEntityMethodProcessor  : Using 'application/json', given [*/*] and supported [application/json, application/*+json]
2026-04-29T17:25:06.643-03:00 DEBUG 95500 --- [escala-shekinah] [nio-8081-exec-6] o.s.w.s.m.m.a.HttpEntityMethodProcessor  : Writing [ApiErrorResponse[timestamp=2026-04-29T17:25:06.643314800, status=401, error=Unauthorized, message=Ba (truncated)...]
2026-04-29T17:25:06.643-03:00 DEBUG 95500 --- [escala-shekinah] [nio-8081-exec-6] .m.m.a.ExceptionHandlerExceptionResolver : Resolved [org.springframework.security.authentication.BadCredentialsException: Bad credentials]
2026-04-29T17:25:06.643-03:00 DEBUG 95500 --- [escala-shekinah] [nio-8081-exec-6] o.s.web.servlet.DispatcherServlet        : Completed 401 UNAUTHORIZED
2026-04-29T17:25:12.909-03:00 DEBUG 95500 --- [escala-shekinah] [nio-8081-exec-8] o.s.web.servlet.DispatcherServlet        : POST "/api/auth/login", parameters={}
2026-04-29T17:25:12.909-03:00 DEBUG 95500 --- [escala-shekinah] [nio-8081-exec-8] s.w.s.m.m.a.RequestMappingHandlerMapping : Mapped to br.com.escalas.api.auth.AuthController#login(AuthRequest)
2026-04-29T17:25:12.909-03:00 DEBUG 95500 --- [escala-shekinah] [nio-8081-exec-8] m.m.a.RequestResponseBodyMethodProcessor : Read "application/json;charset=UTF-8" to [AuthRequest[username=admin, password=1234]]
2026-04-29T17:25:12.919-03:00 DEBUG 95500 --- [escala-shekinah] [nio-8081-exec-8] org.hibernate.SQL                        : 
    select
        ua1_0.id,
        ua1_0.active,
        ua1_0.created_at,
        ua1_0.password_hash,
        ua1_0.role,
        ua1_0.updated_at,
        ua1_0.username,
        ua1_0.volunteer_id 
    from
        user_accounts ua1_0 
    where
        upper(ua1_0.username)=upper(?)
2026-04-29T17:25:12.999-03:00 DEBUG 95500 --- [escala-shekinah] [nio-8081-exec-8] m.m.a.RequestResponseBodyMethodProcessor : Using 'application/json', given [*/*] and supported [application/json, application/*+json]
2026-04-29T17:25:12.999-03:00 DEBUG 95500 --- [escala-shekinah] [nio-8081-exec-8] m.m.a.RequestResponseBodyMethodProcessor : Writing [AuthResponse[token=eyJhbGciOiJIUzI1NiJ9.eyJzdWIiOiJhZG1pbiIsInJvbGUiOiJBRE1JTiIsInVzZXJJZCI6MSwiaWF0 (truncated)...]
2026-04-29T17:25:12.999-03:00 DEBUG 95500 --- [escala-shekinah] [nio-8081-exec-8] o.s.web.servlet.DispatcherServlet        : Completed 200 OK
2026-04-29T17:25:13.010-03:00 DEBUG 95500 --- [escala-shekinah] [io-8081-exec-10] org.hibernate.SQL                        : 
    select
        ua1_0.id,
        ua1_0.active,
        ua1_0.created_at,
        ua1_0.password_hash,
        ua1_0.role,
        ua1_0.updated_at,
        ua1_0.username,
        ua1_0.volunteer_id 
    from
        user_accounts ua1_0 
    where
        upper(ua1_0.username)=upper(?)
2026-04-29T17:25:13.011-03:00 DEBUG 95500 --- [escala-shekinah] [io-8081-exec-10] o.s.web.servlet.DispatcherServlet        : GET "/api/ministries", parameters={}
2026-04-29T17:25:13.011-03:00 DEBUG 95500 --- [escala-shekinah] [io-8081-exec-10] s.w.s.m.m.a.RequestMappingHandlerMapping : Mapped to br.com.escalas.api.ministry.MinistryController#findAll()
2026-04-29T17:25:13.014-03:00 DEBUG 95500 --- [escala-shekinah] [io-8081-exec-10] org.hibernate.SQL                        : 
    select
        m1_0.id,
        m1_0.active,
        m1_0.created_at,
        m1_0.description,
        m1_0.name,
        m1_0.updated_at 
    from
        ministries m1_0
2026-04-29T17:25:13.014-03:00 DEBUG 95500 --- [escala-shekinah] [io-8081-exec-10] m.m.a.RequestResponseBodyMethodProcessor : Using 'application/json', given [*/*] and supported [application/json, application/*+json]
2026-04-29T17:25:13.014-03:00 DEBUG 95500 --- [escala-shekinah] [io-8081-exec-10] m.m.a.RequestResponseBodyMethodProcessor : Writing [[MinistryResponse[id=1, name=Diaconos, description=Diaconos, active=true], MinistryResponse[id=2, na (truncated)...]
2026-04-29T17:25:13.014-03:00 DEBUG 95500 --- [escala-shekinah] [io-8081-exec-10] o.s.web.servlet.DispatcherServlet        : Completed 200 OK
2026-04-29T17:25:13.022-03:00 DEBUG 95500 --- [escala-shekinah] [nio-8081-exec-2] org.hibernate.SQL                        : 
    select
        ua1_0.id,
        ua1_0.active,
        ua1_0.created_at,
        ua1_0.password_hash,
        ua1_0.role,
        ua1_0.updated_at,
        ua1_0.username,
        ua1_0.volunteer_id 
    from
        user_accounts ua1_0 
    where
        upper(ua1_0.username)=upper(?)
2026-04-29T17:25:13.024-03:00 DEBUG 95500 --- [escala-shekinah] [nio-8081-exec-2] o.s.web.servlet.DispatcherServlet        : GET "/api/volunteers", parameters={}
2026-04-29T17:25:13.024-03:00 DEBUG 95500 --- [escala-shekinah] [nio-8081-exec-2] s.w.s.m.m.a.RequestMappingHandlerMapping : Mapped to br.com.escalas.api.volunteer.VolunteerController#findAll()
2026-04-29T17:25:13.059-03:00 DEBUG 95500 --- [escala-shekinah] [nio-8081-exec-2] org.hibernate.SQL                        : 
    select
        v1_0.id,
        v1_0.active,
        v1_0.created_at,
        v1_0.email,
        v1_0.full_name,
        v1_0.notes,
        v1_0.phone,
        v1_0.updated_at,
        v1_0.username 
    from
        volunteers v1_0
2026-04-29T17:25:13.073-03:00 DEBUG 95500 --- [escala-shekinah] [nio-8081-exec-2] org.hibernate.SQL                        : 
    select
        m1_0.volunteer_id,
        m1_1.id,
        m1_1.active,
        m1_1.created_at,
        m1_1.description,
        m1_1.name,
        m1_1.updated_at 
    from
        volunteer_ministries m1_0 
    join
        ministries m1_1 
            on m1_1.id=m1_0.ministry_id 
    where
        m1_0.volunteer_id=?
2026-04-29T17:25:13.073-03:00 DEBUG 95500 --- [escala-shekinah] [nio-8081-exec-2] org.hibernate.SQL                        : 
    select
        m1_0.volunteer_id,
        m1_1.id,
        m1_1.active,
        m1_1.created_at,
        m1_1.description,
        m1_1.name,
        m1_1.updated_at 
    from
        volunteer_ministries m1_0 
    join
        ministries m1_1 
            on m1_1.id=m1_0.ministry_id 
    where
        m1_0.volunteer_id=?
2026-04-29T17:25:13.073-03:00 DEBUG 95500 --- [escala-shekinah] [nio-8081-exec-2] org.hibernate.SQL                        : 
    select
        m1_0.volunteer_id,
        m1_1.id,
        m1_1.active,
        m1_1.created_at,
        m1_1.description,
        m1_1.name,
        m1_1.updated_at 
    from
        volunteer_ministries m1_0 
    join
        ministries m1_1 
            on m1_1.id=m1_0.ministry_id 
    where
        m1_0.volunteer_id=?
2026-04-29T17:25:13.073-03:00 DEBUG 95500 --- [escala-shekinah] [nio-8081-exec-2] org.hibernate.SQL                        : 
    select
        m1_0.volunteer_id,
        m1_1.id,
        m1_1.active,
        m1_1.created_at,
        m1_1.description,
        m1_1.name,
        m1_1.updated_at 
    from
        volunteer_ministries m1_0 
    join
        ministries m1_1 
            on m1_1.id=m1_0.ministry_id 
    where
        m1_0.volunteer_id=?
2026-04-29T17:25:13.073-03:00 DEBUG 95500 --- [escala-shekinah] [nio-8081-exec-2] org.hibernate.SQL                        : 
    select
        m1_0.volunteer_id,
        m1_1.id,
        m1_1.active,
        m1_1.created_at,
        m1_1.description,
        m1_1.name,
        m1_1.updated_at 
    from
        volunteer_ministries m1_0 
    join
        ministries m1_1 
            on m1_1.id=m1_0.ministry_id 
    where
        m1_0.volunteer_id=?
2026-04-29T17:25:13.073-03:00 DEBUG 95500 --- [escala-shekinah] [nio-8081-exec-2] org.hibernate.SQL                        : 
    select
        m1_0.volunteer_id,
        m1_1.id,
        m1_1.active,
        m1_1.created_at,
        m1_1.description,
        m1_1.name,
        m1_1.updated_at 
    from
        volunteer_ministries m1_0 
    join
        ministries m1_1 
            on m1_1.id=m1_0.ministry_id 
    where
        m1_0.volunteer_id=?
2026-04-29T17:25:13.073-03:00 DEBUG 95500 --- [escala-shekinah] [nio-8081-exec-2] org.hibernate.SQL                        : 
    select
        m1_0.volunteer_id,
        m1_1.id,
        m1_1.active,
        m1_1.created_at,
        m1_1.description,
        m1_1.name,
        m1_1.updated_at 
    from
        volunteer_ministries m1_0 
    join
        ministries m1_1 
            on m1_1.id=m1_0.ministry_id 
    where
        m1_0.volunteer_id=?
2026-04-29T17:25:13.073-03:00 DEBUG 95500 --- [escala-shekinah] [nio-8081-exec-2] m.m.a.RequestResponseBodyMethodProcessor : Using 'application/json', given [*/*] and supported [application/json, application/*+json]
2026-04-29T17:25:13.073-03:00 DEBUG 95500 --- [escala-shekinah] [nio-8081-exec-2] m.m.a.RequestResponseBodyMethodProcessor : Writing [[VolunteerResponse[id=1, fullName=Joao Silva, username=joao, email=null, phone=null, notes=null, act (truncated)...]
2026-04-29T17:25:13.073-03:00 DEBUG 95500 --- [escala-shekinah] [nio-8081-exec-2] o.s.web.servlet.DispatcherServlet        : Completed 200 OK
2026-04-29T17:25:13.089-03:00 DEBUG 95500 --- [escala-shekinah] [nio-8081-exec-1] org.hibernate.SQL                        : 
    select
        ua1_0.id,
        ua1_0.active,
        ua1_0.created_at,
        ua1_0.password_hash,
        ua1_0.role,
        ua1_0.updated_at,
        ua1_0.username,
        ua1_0.volunteer_id 
    from
        user_accounts ua1_0 
    where
        upper(ua1_0.username)=upper(?)
2026-04-29T17:25:13.089-03:00 DEBUG 95500 --- [escala-shekinah] [nio-8081-exec-7] org.hibernate.SQL                        : 
    select
        ua1_0.id,
        ua1_0.active,
        ua1_0.created_at,
        ua1_0.password_hash,
        ua1_0.role,
        ua1_0.updated_at,
        ua1_0.username,
        ua1_0.volunteer_id 
    from
        user_accounts ua1_0 
    where
        upper(ua1_0.username)=upper(?)
2026-04-29T17:25:13.089-03:00 DEBUG 95500 --- [escala-shekinah] [nio-8081-exec-3] org.hibernate.SQL                        : 
    select
        ua1_0.id,
        ua1_0.active,
        ua1_0.created_at,
        ua1_0.password_hash,
        ua1_0.role,
        ua1_0.updated_at,
        ua1_0.username,
        ua1_0.volunteer_id 
    from
        user_accounts ua1_0 
    where
        upper(ua1_0.username)=upper(?)
2026-04-29T17:25:13.089-03:00 DEBUG 95500 --- [escala-shekinah] [nio-8081-exec-2] org.hibernate.SQL                        : 
    select
        ua1_0.id,
        ua1_0.active,
        ua1_0.created_at,
        ua1_0.password_hash,
        ua1_0.role,
        ua1_0.updated_at,
        ua1_0.username,
        ua1_0.volunteer_id 
    from
        user_accounts ua1_0 
    where
        upper(ua1_0.username)=upper(?)
2026-04-29T17:25:13.089-03:00 DEBUG 95500 --- [escala-shekinah] [nio-8081-exec-6] org.hibernate.SQL                        : 
    select
        ua1_0.id,
        ua1_0.active,
        ua1_0.created_at,
        ua1_0.password_hash,
        ua1_0.role,
        ua1_0.updated_at,
        ua1_0.username,
        ua1_0.volunteer_id 
    from
        user_accounts ua1_0 
    where
        upper(ua1_0.username)=upper(?)
2026-04-29T17:25:13.089-03:00 DEBUG 95500 --- [escala-shekinah] [nio-8081-exec-1] o.s.web.servlet.DispatcherServlet        : GET "/api/availabilities/volunteer/2", parameters={}
2026-04-29T17:25:13.089-03:00 DEBUG 95500 --- [escala-shekinah] [nio-8081-exec-7] o.s.web.servlet.DispatcherServlet        : GET "/api/availabilities/volunteer/1", parameters={}
2026-04-29T17:25:13.089-03:00 DEBUG 95500 --- [escala-shekinah] [nio-8081-exec-1] s.w.s.m.m.a.RequestMappingHandlerMapping : Mapped to br.com.escalas.api.availability.AvailabilityController#findByVolunteer(Long)
2026-04-29T17:25:13.089-03:00 DEBUG 95500 --- [escala-shekinah] [nio-8081-exec-7] s.w.s.m.m.a.RequestMappingHandlerMapping : Mapped to br.com.escalas.api.availability.AvailabilityController#findByVolunteer(Long)
2026-04-29T17:25:13.089-03:00 DEBUG 95500 --- [escala-shekinah] [nio-8081-exec-4] org.hibernate.SQL                        : 
    select
        ua1_0.id,
        ua1_0.active,
        ua1_0.created_at,
        ua1_0.password_hash,
        ua1_0.role,
        ua1_0.updated_at,
        ua1_0.username,
        ua1_0.volunteer_id 
    from
        user_accounts ua1_0 
    where
        upper(ua1_0.username)=upper(?)
2026-04-29T17:25:13.089-03:00 DEBUG 95500 --- [escala-shekinah] [nio-8081-exec-3] o.s.web.servlet.DispatcherServlet        : GET "/api/availabilities/volunteer/3", parameters={}
2026-04-29T17:25:13.089-03:00 DEBUG 95500 --- [escala-shekinah] [nio-8081-exec-3] s.w.s.m.m.a.RequestMappingHandlerMapping : Mapped to br.com.escalas.api.availability.AvailabilityController#findByVolunteer(Long)
2026-04-29T17:25:13.089-03:00 DEBUG 95500 --- [escala-shekinah] [nio-8081-exec-6] o.s.web.servlet.DispatcherServlet        : GET "/api/availabilities/volunteer/5", parameters={}
2026-04-29T17:25:13.089-03:00 DEBUG 95500 --- [escala-shekinah] [nio-8081-exec-2] o.s.web.servlet.DispatcherServlet        : GET "/api/availabilities/volunteer/4", parameters={}
2026-04-29T17:25:13.089-03:00 DEBUG 95500 --- [escala-shekinah] [nio-8081-exec-6] s.w.s.m.m.a.RequestMappingHandlerMapping : Mapped to br.com.escalas.api.availability.AvailabilityController#findByVolunteer(Long)
2026-04-29T17:25:13.089-03:00 DEBUG 95500 --- [escala-shekinah] [nio-8081-exec-2] s.w.s.m.m.a.RequestMappingHandlerMapping : Mapped to br.com.escalas.api.availability.AvailabilityController#findByVolunteer(Long)
2026-04-29T17:25:13.089-03:00 DEBUG 95500 --- [escala-shekinah] [nio-8081-exec-4] o.s.web.servlet.DispatcherServlet        : GET "/api/availabilities/volunteer/7", parameters={}
2026-04-29T17:25:13.089-03:00 DEBUG 95500 --- [escala-shekinah] [nio-8081-exec-4] s.w.s.m.m.a.RequestMappingHandlerMapping : Mapped to br.com.escalas.api.availability.AvailabilityController#findByVolunteer(Long)
2026-04-29T17:25:13.089-03:00 DEBUG 95500 --- [escala-shekinah] [nio-8081-exec-3] org.hibernate.SQL                        : 
    select
        a1_0.id,
        a1_0.created_at,
        a1_0.day_of_week,
        a1_0.status,
        a1_0.time_slot,
        a1_0.updated_at,
        a1_0.volunteer_id 
    from
        availabilities a1_0 
    join
        volunteers v1_0 
            on v1_0.id=a1_0.volunteer_id 
    where
        v1_0.id=? 
    order by
        a1_0.day_of_week,
        a1_0.time_slot
2026-04-29T17:25:13.089-03:00 DEBUG 95500 --- [escala-shekinah] [nio-8081-exec-6] org.hibernate.SQL                        : 
    select
        a1_0.id,
        a1_0.created_at,
        a1_0.day_of_week,
        a1_0.status,
        a1_0.time_slot,
        a1_0.updated_at,
        a1_0.volunteer_id 
    from
        availabilities a1_0 
    join
        volunteers v1_0 
            on v1_0.id=a1_0.volunteer_id 
    where
        v1_0.id=? 
    order by
        a1_0.day_of_week,
        a1_0.time_slot
2026-04-29T17:25:13.089-03:00 DEBUG 95500 --- [escala-shekinah] [nio-8081-exec-1] org.hibernate.SQL                        : 
    select
        a1_0.id,
        a1_0.created_at,
        a1_0.day_of_week,
        a1_0.status,
        a1_0.time_slot,
        a1_0.updated_at,
        a1_0.volunteer_id 
    from
        availabilities a1_0 
    join
        volunteers v1_0 
            on v1_0.id=a1_0.volunteer_id 
    where
        v1_0.id=? 
    order by
        a1_0.day_of_week,
        a1_0.time_slot
2026-04-29T17:25:13.089-03:00 DEBUG 95500 --- [escala-shekinah] [nio-8081-exec-2] org.hibernate.SQL                        : 
    select
        a1_0.id,
        a1_0.created_at,
        a1_0.day_of_week,
        a1_0.status,
        a1_0.time_slot,
        a1_0.updated_at,
        a1_0.volunteer_id 
    from
        availabilities a1_0 
    join
        volunteers v1_0 
            on v1_0.id=a1_0.volunteer_id 
    where
        v1_0.id=? 
    order by
        a1_0.day_of_week,
        a1_0.time_slot
2026-04-29T17:25:13.089-03:00 DEBUG 95500 --- [escala-shekinah] [nio-8081-exec-7] org.hibernate.SQL                        : 
    select
        a1_0.id,
        a1_0.created_at,
        a1_0.day_of_week,
        a1_0.status,
        a1_0.time_slot,
        a1_0.updated_at,
        a1_0.volunteer_id 
    from
        availabilities a1_0 
    join
        volunteers v1_0 
            on v1_0.id=a1_0.volunteer_id 
    where
        v1_0.id=? 
    order by
        a1_0.day_of_week,
        a1_0.time_slot
2026-04-29T17:25:13.089-03:00 DEBUG 95500 --- [escala-shekinah] [nio-8081-exec-4] org.hibernate.SQL                        : 
    select
        a1_0.id,
        a1_0.created_at,
        a1_0.day_of_week,
        a1_0.status,
        a1_0.time_slot,
        a1_0.updated_at,
        a1_0.volunteer_id 
    from
        availabilities a1_0 
    join
        volunteers v1_0 
            on v1_0.id=a1_0.volunteer_id 
    where
        v1_0.id=? 
    order by
        a1_0.day_of_week,
        a1_0.time_slot
2026-04-29T17:25:13.105-03:00 DEBUG 95500 --- [escala-shekinah] [nio-8081-exec-7] m.m.a.RequestResponseBodyMethodProcessor : Using 'application/json', given [*/*] and supported [application/json, application/*+json]
2026-04-29T17:25:13.105-03:00 DEBUG 95500 --- [escala-shekinah] [nio-8081-exec-2] m.m.a.RequestResponseBodyMethodProcessor : Using 'application/json', given [*/*] and supported [application/json, application/*+json]
2026-04-29T17:25:13.105-03:00 DEBUG 95500 --- [escala-shekinah] [nio-8081-exec-1] m.m.a.RequestResponseBodyMethodProcessor : Using 'application/json', given [*/*] and supported [application/json, application/*+json]
2026-04-29T17:25:13.105-03:00 DEBUG 95500 --- [escala-shekinah] [nio-8081-exec-4] m.m.a.RequestResponseBodyMethodProcessor : Using 'application/json', given [*/*] and supported [application/json, application/*+json]
2026-04-29T17:25:13.105-03:00 DEBUG 95500 --- [escala-shekinah] [nio-8081-exec-6] m.m.a.RequestResponseBodyMethodProcessor : Using 'application/json', given [*/*] and supported [application/json, application/*+json]
2026-04-29T17:25:13.105-03:00 DEBUG 95500 --- [escala-shekinah] [nio-8081-exec-3] m.m.a.RequestResponseBodyMethodProcessor : Using 'application/json', given [*/*] and supported [application/json, application/*+json]
2026-04-29T17:25:13.105-03:00 DEBUG 95500 --- [escala-shekinah] [nio-8081-exec-4] m.m.a.RequestResponseBodyMethodProcessor : Writing [[]]
2026-04-29T17:25:13.105-03:00 DEBUG 95500 --- [escala-shekinah] [nio-8081-exec-6] m.m.a.RequestResponseBodyMethodProcessor : Writing [[AvailabilityResponse[id=6, dayOfWeek=SUNDAY, timeSlot=NOITE, status=DISPONIVEL]]]
2026-04-29T17:25:13.105-03:00 DEBUG 95500 --- [escala-shekinah] [nio-8081-exec-7] m.m.a.RequestResponseBodyMethodProcessor : Writing [[AvailabilityResponse[id=1, dayOfWeek=SUNDAY, timeSlot=MANHA, status=DISPONIVEL], AvailabilityRespon (truncated)...]
2026-04-29T17:25:13.105-03:00 DEBUG 95500 --- [escala-shekinah] [nio-8081-exec-3] m.m.a.RequestResponseBodyMethodProcessor : Writing [[AvailabilityResponse[id=4, dayOfWeek=WEDNESDAY, timeSlot=NOITE, status=DISPONIVEL]]]
2026-04-29T17:25:13.105-03:00 DEBUG 95500 --- [escala-shekinah] [nio-8081-exec-4] o.s.web.servlet.DispatcherServlet        : Completed 200 OK
2026-04-29T17:25:13.108-03:00 DEBUG 95500 --- [escala-shekinah] [nio-8081-exec-1] m.m.a.RequestResponseBodyMethodProcessor : Writing [[AvailabilityResponse[id=3, dayOfWeek=TUESDAY, timeSlot=NOITE, status=DISPONIVEL]]]
2026-04-29T17:25:13.108-03:00 DEBUG 95500 --- [escala-shekinah] [nio-8081-exec-6] o.s.web.servlet.DispatcherServlet        : Completed 200 OK
2026-04-29T17:25:13.108-03:00 DEBUG 95500 --- [escala-shekinah] [nio-8081-exec-7] o.s.web.servlet.DispatcherServlet        : Completed 200 OK
2026-04-29T17:25:13.108-03:00 DEBUG 95500 --- [escala-shekinah] [nio-8081-exec-3] o.s.web.servlet.DispatcherServlet        : Completed 200 OK
2026-04-29T17:25:13.108-03:00 DEBUG 95500 --- [escala-shekinah] [nio-8081-exec-2] m.m.a.RequestResponseBodyMethodProcessor : Writing [[AvailabilityResponse[id=5, dayOfWeek=TUESDAY, timeSlot=NOITE, status=INDISPONIVEL]]]
2026-04-29T17:25:13.108-03:00 DEBUG 95500 --- [escala-shekinah] [nio-8081-exec-1] o.s.web.servlet.DispatcherServlet        : Completed 200 OK
2026-04-29T17:25:13.108-03:00 DEBUG 95500 --- [escala-shekinah] [nio-8081-exec-2] o.s.web.servlet.DispatcherServlet        : Completed 200 OK
2026-04-29T17:25:13.108-03:00 DEBUG 95500 --- [escala-shekinah] [nio-8081-exec-5] org.hibernate.SQL                        : 
    select
        ua1_0.id,
        ua1_0.active,
        ua1_0.created_at,
        ua1_0.password_hash,
        ua1_0.role,
        ua1_0.updated_at,
        ua1_0.username,
        ua1_0.volunteer_id 
    from
        user_accounts ua1_0 
    where
        upper(ua1_0.username)=upper(?)
2026-04-29T17:25:13.108-03:00 DEBUG 95500 --- [escala-shekinah] [nio-8081-exec-5] o.s.web.servlet.DispatcherServlet        : GET "/api/availabilities/volunteer/6", parameters={}
2026-04-29T17:25:13.108-03:00 DEBUG 95500 --- [escala-shekinah] [nio-8081-exec-5] s.w.s.m.m.a.RequestMappingHandlerMapping : Mapped to br.com.escalas.api.availability.AvailabilityController#findByVolunteer(Long)
2026-04-29T17:25:13.119-03:00 DEBUG 95500 --- [escala-shekinah] [nio-8081-exec-5] org.hibernate.SQL                        : 
    select
        a1_0.id,
        a1_0.created_at,
        a1_0.day_of_week,
        a1_0.status,
        a1_0.time_slot,
        a1_0.updated_at,
        a1_0.volunteer_id 
    from
        availabilities a1_0 
    join
        volunteers v1_0 
            on v1_0.id=a1_0.volunteer_id 
    where
        v1_0.id=? 
    order by
        a1_0.day_of_week,
        a1_0.time_slot
2026-04-29T17:25:13.119-03:00 DEBUG 95500 --- [escala-shekinah] [nio-8081-exec-5] m.m.a.RequestResponseBodyMethodProcessor : Using 'application/json', given [*/*] and supported [application/json, application/*+json]
2026-04-29T17:25:13.119-03:00 DEBUG 95500 --- [escala-shekinah] [nio-8081-exec-5] m.m.a.RequestResponseBodyMethodProcessor : Writing [[]]
2026-04-29T17:25:13.119-03:00 DEBUG 95500 --- [escala-shekinah] [nio-8081-exec-5] o.s.web.servlet.DispatcherServlet        : Completed 200 OK
2026-04-29T17:25:13.119-03:00 DEBUG 95500 --- [escala-shekinah] [io-8081-exec-10] org.hibernate.SQL                        : 
    select
        ua1_0.id,
        ua1_0.active,
        ua1_0.created_at,
        ua1_0.password_hash,
        ua1_0.role,
        ua1_0.updated_at,
        ua1_0.username,
        ua1_0.volunteer_id 
    from
        user_accounts ua1_0 
    where
        upper(ua1_0.username)=upper(?)
2026-04-29T17:25:13.128-03:00 DEBUG 95500 --- [escala-shekinah] [io-8081-exec-10] o.s.web.servlet.DispatcherServlet        : GET "/api/schedules", parameters={}
2026-04-29T17:25:13.128-03:00 DEBUG 95500 --- [escala-shekinah] [io-8081-exec-10] s.w.s.m.m.a.RequestMappingHandlerMapping : Mapped to br.com.escalas.api.schedule.ScheduleController#findAll(LocalDate, LocalDate, Long, Long)
2026-04-29T17:25:13.128-03:00 DEBUG 95500 --- [escala-shekinah] [io-8081-exec-10] org.hibernate.SQL                        : 
    select
        s1_0.id,
        s1_0.created_at,
        s1_0.event_name,
        s1_0.location,
        s1_0.ministry_id,
        m1_0.id,
        m1_0.active,
        m1_0.created_at,
        m1_0.description,
        m1_0.name,
        m1_0.updated_at,
        s1_0.notes,
        s1_0.role_name,
        s1_0.service_date,
        s1_0.service_time,
        s1_0.time_slot,
        s1_0.updated_at,
        s1_0.volunteer_id,
        v1_0.id,
        v1_0.active,
        v1_0.created_at,
        v1_0.email,
        v1_0.full_name,
        v1_0.notes,
        v1_0.phone,
        v1_0.updated_at,
        v1_0.username 
    from
        schedules s1_0 
    join
        ministries m1_0 
            on m1_0.id=s1_0.ministry_id 
    join
        volunteers v1_0 
            on v1_0.id=s1_0.volunteer_id
2026-04-29T17:25:13.139-03:00 DEBUG 95500 --- [escala-shekinah] [io-8081-exec-10] org.hibernate.SQL                        : 
    select
        a1_0.id,
        a1_0.created_at,
        a1_0.day_of_week,
        a1_0.status,
        a1_0.time_slot,
        a1_0.updated_at,
        a1_0.volunteer_id 
    from
        availabilities a1_0 
    join
        volunteers v1_0 
            on v1_0.id=a1_0.volunteer_id 
    where
        v1_0.id=? 
        and a1_0.day_of_week=? 
        and a1_0.time_slot=?
2026-04-29T17:25:13.139-03:00 DEBUG 95500 --- [escala-shekinah] [io-8081-exec-10] org.hibernate.SQL                        : 
    select
        s1_0.id 
    from
        schedules s1_0 
    join
        volunteers v1_0 
            on v1_0.id=s1_0.volunteer_id 
    where
        v1_0.id=? 
        and s1_0.service_date=? 
        and s1_0.service_time=? 
        and s1_0.id<>? 
    limit
        ?
2026-04-29T17:25:13.139-03:00 DEBUG 95500 --- [escala-shekinah] [io-8081-exec-10] org.hibernate.SQL                        : 
    select
        m1_0.volunteer_id,
        m1_1.id,
        m1_1.active,
        m1_1.created_at,
        m1_1.description,
        m1_1.name,
        m1_1.updated_at 
    from
        volunteer_ministries m1_0 
    join
        ministries m1_1 
            on m1_1.id=m1_0.ministry_id 
    where
        m1_0.volunteer_id=?
2026-04-29T17:25:13.139-03:00 DEBUG 95500 --- [escala-shekinah] [io-8081-exec-10] org.hibernate.SQL                        : 
    select
        a1_0.id,
        a1_0.created_at,
        a1_0.day_of_week,
        a1_0.status,
        a1_0.time_slot,
        a1_0.updated_at,
        a1_0.volunteer_id 
    from
        availabilities a1_0 
    join
        volunteers v1_0 
            on v1_0.id=a1_0.volunteer_id 
    where
        v1_0.id=? 
        and a1_0.day_of_week=? 
        and a1_0.time_slot=?
2026-04-29T17:25:13.139-03:00 DEBUG 95500 --- [escala-shekinah] [io-8081-exec-10] org.hibernate.SQL                        : 
    select
        s1_0.id 
    from
        schedules s1_0 
    join
        volunteers v1_0 
            on v1_0.id=s1_0.volunteer_id 
    where
        v1_0.id=? 
        and s1_0.service_date=? 
        and s1_0.service_time=? 
        and s1_0.id<>? 
    limit
        ?
2026-04-29T17:25:13.139-03:00 DEBUG 95500 --- [escala-shekinah] [io-8081-exec-10] org.hibernate.SQL                        : 
    select
        m1_0.volunteer_id,
        m1_1.id,
        m1_1.active,
        m1_1.created_at,
        m1_1.description,
        m1_1.name,
        m1_1.updated_at 
    from
        volunteer_ministries m1_0 
    join
        ministries m1_1 
            on m1_1.id=m1_0.ministry_id 
    where
        m1_0.volunteer_id=?
2026-04-29T17:25:13.139-03:00 DEBUG 95500 --- [escala-shekinah] [io-8081-exec-10] org.hibernate.SQL                        : 
    select
        a1_0.id,
        a1_0.created_at,
        a1_0.day_of_week,
        a1_0.status,
        a1_0.time_slot,
        a1_0.updated_at,
        a1_0.volunteer_id 
    from
        availabilities a1_0 
    join
        volunteers v1_0 
            on v1_0.id=a1_0.volunteer_id 
    where
        v1_0.id=? 
        and a1_0.day_of_week=? 
        and a1_0.time_slot=?
2026-04-29T17:25:13.139-03:00 DEBUG 95500 --- [escala-shekinah] [io-8081-exec-10] org.hibernate.SQL                        : 
    select
        s1_0.id 
    from
        schedules s1_0 
    join
        volunteers v1_0 
            on v1_0.id=s1_0.volunteer_id 
    where
        v1_0.id=? 
        and s1_0.service_date=? 
        and s1_0.service_time=? 
        and s1_0.id<>? 
    limit
        ?
2026-04-29T17:25:13.154-03:00 DEBUG 95500 --- [escala-shekinah] [io-8081-exec-10] org.hibernate.SQL                        : 
    select
        m1_0.volunteer_id,
        m1_1.id,
        m1_1.active,
        m1_1.created_at,
        m1_1.description,
        m1_1.name,
        m1_1.updated_at 
    from
        volunteer_ministries m1_0 
    join
        ministries m1_1 
            on m1_1.id=m1_0.ministry_id 
    where
        m1_0.volunteer_id=?
2026-04-29T17:25:13.154-03:00 DEBUG 95500 --- [escala-shekinah] [io-8081-exec-10] m.m.a.RequestResponseBodyMethodProcessor : Using 'application/json', given [*/*] and supported [application/json, application/*+json]
2026-04-29T17:25:13.159-03:00 DEBUG 95500 --- [escala-shekinah] [io-8081-exec-10] m.m.a.RequestResponseBodyMethodProcessor : Writing [[ScheduleResponse[id=1, ministry=MinistryResponse[id=1, name=Diaconos, description=Diaconos, active= (truncated)...]
2026-04-29T17:25:13.159-03:00 DEBUG 95500 --- [escala-shekinah] [io-8081-exec-10] o.s.web.servlet.DispatcherServlet        : Completed 200 OK
2026-04-29T17:25:13.159-03:00 DEBUG 95500 --- [escala-shekinah] [nio-8081-exec-4] org.hibernate.SQL                        : 
    select
        ua1_0.id,
        ua1_0.active,
        ua1_0.created_at,
        ua1_0.password_hash,
        ua1_0.role,
        ua1_0.updated_at,
        ua1_0.username,
        ua1_0.volunteer_id 
    from
        user_accounts ua1_0 
    where
        upper(ua1_0.username)=upper(?)
2026-04-29T17:25:13.159-03:00 DEBUG 95500 --- [escala-shekinah] [nio-8081-exec-4] o.s.web.servlet.DispatcherServlet        : GET "/api/schedules/conflicts", parameters={}
2026-04-29T17:25:13.159-03:00 DEBUG 95500 --- [escala-shekinah] [nio-8081-exec-4] s.w.s.m.m.a.RequestMappingHandlerMapping : Mapped to br.com.escalas.api.schedule.ScheduleController#findConflicts()
2026-04-29T17:25:13.159-03:00 DEBUG 95500 --- [escala-shekinah] [nio-8081-exec-4] org.hibernate.SQL                        : 
    select
        s1_0.id,
        s1_0.created_at,
        s1_0.event_name,
        s1_0.location,
        s1_0.ministry_id,
        m1_0.id,
        m1_0.active,
        m1_0.created_at,
        m1_0.description,
        m1_0.name,
        m1_0.updated_at,
        s1_0.notes,
        s1_0.role_name,
        s1_0.service_date,
        s1_0.service_time,
        s1_0.time_slot,
        s1_0.updated_at,
        s1_0.volunteer_id,
        v1_0.id,
        v1_0.active,
        v1_0.created_at,
        v1_0.email,
        v1_0.full_name,
        v1_0.notes,
        v1_0.phone,
        v1_0.updated_at,
        v1_0.username 
    from
        schedules s1_0 
    join
        ministries m1_0 
            on m1_0.id=s1_0.ministry_id 
    join
        volunteers v1_0 
            on v1_0.id=s1_0.volunteer_id
2026-04-29T17:25:13.174-03:00 DEBUG 95500 --- [escala-shekinah] [nio-8081-exec-4] org.hibernate.SQL                        : 
    select
        a1_0.id,
        a1_0.created_at,
        a1_0.day_of_week,
        a1_0.status,
        a1_0.time_slot,
        a1_0.updated_at,
        a1_0.volunteer_id 
    from
        availabilities a1_0 
    join
        volunteers v1_0 
            on v1_0.id=a1_0.volunteer_id 
    where
        v1_0.id=? 
        and a1_0.day_of_week=? 
        and a1_0.time_slot=?
2026-04-29T17:25:13.174-03:00 DEBUG 95500 --- [escala-shekinah] [nio-8081-exec-4] org.hibernate.SQL                        : 
    select
        s1_0.id 
    from
        schedules s1_0 
    join
        volunteers v1_0 
            on v1_0.id=s1_0.volunteer_id 
    where
        v1_0.id=? 
        and s1_0.service_date=? 
        and s1_0.service_time=? 
        and s1_0.id<>? 
    limit
        ?
2026-04-29T17:25:13.174-03:00 DEBUG 95500 --- [escala-shekinah] [nio-8081-exec-4] org.hibernate.SQL                        : 
    select
        a1_0.id,
        a1_0.created_at,
        a1_0.day_of_week,
        a1_0.status,
        a1_0.time_slot,
        a1_0.updated_at,
        a1_0.volunteer_id 
    from
        availabilities a1_0 
    join
        volunteers v1_0 
            on v1_0.id=a1_0.volunteer_id 
    where
        v1_0.id=? 
        and a1_0.day_of_week=? 
        and a1_0.time_slot=?
2026-04-29T17:25:13.174-03:00 DEBUG 95500 --- [escala-shekinah] [nio-8081-exec-4] org.hibernate.SQL                        : 
    select
        s1_0.id 
    from
        schedules s1_0 
    join
        volunteers v1_0 
            on v1_0.id=s1_0.volunteer_id 
    where
        v1_0.id=? 
        and s1_0.service_date=? 
        and s1_0.service_time=? 
        and s1_0.id<>? 
    limit
        ?
2026-04-29T17:25:13.174-03:00 DEBUG 95500 --- [escala-shekinah] [nio-8081-exec-4] org.hibernate.SQL                        : 
    select
        a1_0.id,
        a1_0.created_at,
        a1_0.day_of_week,
        a1_0.status,
        a1_0.time_slot,
        a1_0.updated_at,
        a1_0.volunteer_id 
    from
        availabilities a1_0 
    join
        volunteers v1_0 
            on v1_0.id=a1_0.volunteer_id 
    where
        v1_0.id=? 
        and a1_0.day_of_week=? 
        and a1_0.time_slot=?
2026-04-29T17:25:13.174-03:00 DEBUG 95500 --- [escala-shekinah] [nio-8081-exec-4] org.hibernate.SQL                        : 
    select
        s1_0.id 
    from
        schedules s1_0 
    join
        volunteers v1_0 
            on v1_0.id=s1_0.volunteer_id 
    where
        v1_0.id=? 
        and s1_0.service_date=? 
        and s1_0.service_time=? 
        and s1_0.id<>? 
    limit
        ?
2026-04-29T17:25:13.174-03:00 DEBUG 95500 --- [escala-shekinah] [nio-8081-exec-4] m.m.a.RequestResponseBodyMethodProcessor : Using 'application/json', given [*/*] and supported [application/json, application/*+json]
2026-04-29T17:25:13.174-03:00 DEBUG 95500 --- [escala-shekinah] [nio-8081-exec-4] m.m.a.RequestResponseBodyMethodProcessor : Writing [[]]
2026-04-29T17:25:13.174-03:00 DEBUG 95500 --- [escala-shekinah] [nio-8081-exec-4] o.s.web.servlet.DispatcherServlet        : Completed 200 OK
2026-04-29T17:25:56.989-03:00 DEBUG 95500 --- [escala-shekinah] [nio-8081-exec-7] org.hibernate.SQL                        : 
    select
        ua1_0.id,
        ua1_0.active,
        ua1_0.created_at,
        ua1_0.password_hash,
        ua1_0.role,
        ua1_0.updated_at,
        ua1_0.username,
        ua1_0.volunteer_id 
    from
        user_accounts ua1_0 
    where
        upper(ua1_0.username)=upper(?)
2026-04-29T17:25:56.991-03:00 DEBUG 95500 --- [escala-shekinah] [nio-8081-exec-7] o.s.web.servlet.DispatcherServlet        : GET "/api/auth/me", parameters={}
2026-04-29T17:25:56.991-03:00 DEBUG 95500 --- [escala-shekinah] [nio-8081-exec-7] s.w.s.m.m.a.RequestMappingHandlerMapping : Mapped to br.com.escalas.api.auth.AuthController#me(AuthenticatedUser)
2026-04-29T17:25:56.992-03:00 DEBUG 95500 --- [escala-shekinah] [nio-8081-exec-7] m.m.a.RequestResponseBodyMethodProcessor : Using 'application/json', given [*/*] and supported [application/json, application/*+json]
2026-04-29T17:25:56.992-03:00 DEBUG 95500 --- [escala-shekinah] [nio-8081-exec-7] m.m.a.RequestResponseBodyMethodProcessor : Writing [CurrentUserResponse[userId=1, volunteerId=null, username=admin, role=ADMIN]]
2026-04-29T17:25:56.993-03:00 DEBUG 95500 --- [escala-shekinah] [nio-8081-exec-7] o.s.web.servlet.DispatcherServlet        : Completed 200 OK
2026-04-29T17:25:56.998-03:00 DEBUG 95500 --- [escala-shekinah] [nio-8081-exec-1] org.hibernate.SQL                        : 
    select
        ua1_0.id,
        ua1_0.active,
        ua1_0.created_at,
        ua1_0.password_hash,
        ua1_0.role,
        ua1_0.updated_at,
        ua1_0.username,
        ua1_0.volunteer_id 
    from
        user_accounts ua1_0 
    where
        upper(ua1_0.username)=upper(?)
2026-04-29T17:25:56.999-03:00 DEBUG 95500 --- [escala-shekinah] [nio-8081-exec-1] o.s.web.servlet.DispatcherServlet        : GET "/api/ministries", parameters={}
2026-04-29T17:25:56.999-03:00 DEBUG 95500 --- [escala-shekinah] [nio-8081-exec-1] s.w.s.m.m.a.RequestMappingHandlerMapping : Mapped to br.com.escalas.api.ministry.MinistryController#findAll()
2026-04-29T17:25:57.000-03:00 DEBUG 95500 --- [escala-shekinah] [nio-8081-exec-1] org.hibernate.SQL                        : 
    select
        m1_0.id,
        m1_0.active,
        m1_0.created_at,
        m1_0.description,
        m1_0.name,
        m1_0.updated_at 
    from
        ministries m1_0
2026-04-29T17:25:57.002-03:00 DEBUG 95500 --- [escala-shekinah] [nio-8081-exec-1] m.m.a.RequestResponseBodyMethodProcessor : Using 'application/json', given [*/*] and supported [application/json, application/*+json]
2026-04-29T17:25:57.002-03:00 DEBUG 95500 --- [escala-shekinah] [nio-8081-exec-1] m.m.a.RequestResponseBodyMethodProcessor : Writing [[MinistryResponse[id=1, name=Diaconos, description=Diaconos, active=true], MinistryResponse[id=2, na (truncated)...]
2026-04-29T17:25:57.003-03:00 DEBUG 95500 --- [escala-shekinah] [nio-8081-exec-1] o.s.web.servlet.DispatcherServlet        : Completed 200 OK
2026-04-29T17:25:57.007-03:00 DEBUG 95500 --- [escala-shekinah] [nio-8081-exec-5] org.hibernate.SQL                        : 
    select
        ua1_0.id,
        ua1_0.active,
        ua1_0.created_at,
        ua1_0.password_hash,
        ua1_0.role,
        ua1_0.updated_at,
        ua1_0.username,
        ua1_0.volunteer_id 
    from
        user_accounts ua1_0 
    where
        upper(ua1_0.username)=upper(?)
2026-04-29T17:25:57.008-03:00 DEBUG 95500 --- [escala-shekinah] [nio-8081-exec-5] o.s.web.servlet.DispatcherServlet        : GET "/api/volunteers", parameters={}
2026-04-29T17:25:57.008-03:00 DEBUG 95500 --- [escala-shekinah] [nio-8081-exec-5] s.w.s.m.m.a.RequestMappingHandlerMapping : Mapped to br.com.escalas.api.volunteer.VolunteerController#findAll()
2026-04-29T17:25:57.009-03:00 DEBUG 95500 --- [escala-shekinah] [nio-8081-exec-5] org.hibernate.SQL                        : 
    select
        v1_0.id,
        v1_0.active,
        v1_0.created_at,
        v1_0.email,
        v1_0.full_name,
        v1_0.notes,
        v1_0.phone,
        v1_0.updated_at,
        v1_0.username 
    from
        volunteers v1_0
2026-04-29T17:25:57.010-03:00 DEBUG 95500 --- [escala-shekinah] [nio-8081-exec-5] org.hibernate.SQL                        : 
    select
        m1_0.volunteer_id,
        m1_1.id,
        m1_1.active,
        m1_1.created_at,
        m1_1.description,
        m1_1.name,
        m1_1.updated_at 
    from
        volunteer_ministries m1_0 
    join
        ministries m1_1 
            on m1_1.id=m1_0.ministry_id 
    where
        m1_0.volunteer_id=?
2026-04-29T17:25:57.011-03:00 DEBUG 95500 --- [escala-shekinah] [nio-8081-exec-5] org.hibernate.SQL                        : 
    select
        m1_0.volunteer_id,
        m1_1.id,
        m1_1.active,
        m1_1.created_at,
        m1_1.description,
        m1_1.name,
        m1_1.updated_at 
    from
        volunteer_ministries m1_0 
    join
        ministries m1_1 
            on m1_1.id=m1_0.ministry_id 
    where
        m1_0.volunteer_id=?
2026-04-29T17:25:57.011-03:00 DEBUG 95500 --- [escala-shekinah] [nio-8081-exec-5] org.hibernate.SQL                        : 
    select
        m1_0.volunteer_id,
        m1_1.id,
        m1_1.active,
        m1_1.created_at,
        m1_1.description,
        m1_1.name,
        m1_1.updated_at 
    from
        volunteer_ministries m1_0 
    join
        ministries m1_1 
            on m1_1.id=m1_0.ministry_id 
    where
        m1_0.volunteer_id=?
2026-04-29T17:25:57.012-03:00 DEBUG 95500 --- [escala-shekinah] [nio-8081-exec-5] org.hibernate.SQL                        : 
    select
        m1_0.volunteer_id,
        m1_1.id,
        m1_1.active,
        m1_1.created_at,
        m1_1.description,
        m1_1.name,
        m1_1.updated_at 
    from
        volunteer_ministries m1_0 
    join
        ministries m1_1 
            on m1_1.id=m1_0.ministry_id 
    where
        m1_0.volunteer_id=?
2026-04-29T17:25:57.012-03:00 DEBUG 95500 --- [escala-shekinah] [nio-8081-exec-5] org.hibernate.SQL                        : 
    select
        m1_0.volunteer_id,
        m1_1.id,
        m1_1.active,
        m1_1.created_at,
        m1_1.description,
        m1_1.name,
        m1_1.updated_at 
    from
        volunteer_ministries m1_0 
    join
        ministries m1_1 
            on m1_1.id=m1_0.ministry_id 
    where
        m1_0.volunteer_id=?
2026-04-29T17:25:57.013-03:00 DEBUG 95500 --- [escala-shekinah] [nio-8081-exec-5] org.hibernate.SQL                        : 
    select
        m1_0.volunteer_id,
        m1_1.id,
        m1_1.active,
        m1_1.created_at,
        m1_1.description,
        m1_1.name,
        m1_1.updated_at 
    from
        volunteer_ministries m1_0 
    join
        ministries m1_1 
            on m1_1.id=m1_0.ministry_id 
    where
        m1_0.volunteer_id=?
2026-04-29T17:25:57.013-03:00 DEBUG 95500 --- [escala-shekinah] [nio-8081-exec-5] org.hibernate.SQL                        : 
    select
        m1_0.volunteer_id,
        m1_1.id,
        m1_1.active,
        m1_1.created_at,
        m1_1.description,
        m1_1.name,
        m1_1.updated_at 
    from
        volunteer_ministries m1_0 
    join
        ministries m1_1 
            on m1_1.id=m1_0.ministry_id 
    where
        m1_0.volunteer_id=?
2026-04-29T17:25:57.014-03:00 DEBUG 95500 --- [escala-shekinah] [nio-8081-exec-5] m.m.a.RequestResponseBodyMethodProcessor : Using 'application/json', given [*/*] and supported [application/json, application/*+json]
2026-04-29T17:25:57.014-03:00 DEBUG 95500 --- [escala-shekinah] [nio-8081-exec-5] m.m.a.RequestResponseBodyMethodProcessor : Writing [[VolunteerResponse[id=1, fullName=Joao Silva, username=joao, email=null, phone=null, notes=null, act (truncated)...]
2026-04-29T17:25:57.015-03:00 DEBUG 95500 --- [escala-shekinah] [nio-8081-exec-5] o.s.web.servlet.DispatcherServlet        : Completed 200 OK
2026-04-29T17:25:57.022-03:00 DEBUG 95500 --- [escala-shekinah] [nio-8081-exec-6] org.hibernate.SQL                        : 
    select
        ua1_0.id,
        ua1_0.active,
        ua1_0.created_at,
        ua1_0.password_hash,
        ua1_0.role,
        ua1_0.updated_at,
        ua1_0.username,
        ua1_0.volunteer_id 
    from
        user_accounts ua1_0 
    where
        upper(ua1_0.username)=upper(?)
2026-04-29T17:25:57.022-03:00 DEBUG 95500 --- [escala-shekinah] [nio-8081-exec-7] org.hibernate.SQL                        : 
    select
        ua1_0.id,
        ua1_0.active,
        ua1_0.created_at,
        ua1_0.password_hash,
        ua1_0.role,
        ua1_0.updated_at,
        ua1_0.username,
        ua1_0.volunteer_id 
    from
        user_accounts ua1_0 
    where
        upper(ua1_0.username)=upper(?)
2026-04-29T17:25:57.022-03:00 DEBUG 95500 --- [escala-shekinah] [nio-8081-exec-3] org.hibernate.SQL                        : 
    select
        ua1_0.id,
        ua1_0.active,
        ua1_0.created_at,
        ua1_0.password_hash,
        ua1_0.role,
        ua1_0.updated_at,
        ua1_0.username,
        ua1_0.volunteer_id 
    from
        user_accounts ua1_0 
    where
        upper(ua1_0.username)=upper(?)
2026-04-29T17:25:57.022-03:00 DEBUG 95500 --- [escala-shekinah] [nio-8081-exec-1] org.hibernate.SQL                        : 
    select
        ua1_0.id,
        ua1_0.active,
        ua1_0.created_at,
        ua1_0.password_hash,
        ua1_0.role,
        ua1_0.updated_at,
        ua1_0.username,
        ua1_0.volunteer_id 
    from
        user_accounts ua1_0 
    where
        upper(ua1_0.username)=upper(?)
2026-04-29T17:25:57.023-03:00 DEBUG 95500 --- [escala-shekinah] [nio-8081-exec-7] o.s.web.servlet.DispatcherServlet        : GET "/api/availabilities/volunteer/2", parameters={}
2026-04-29T17:25:57.023-03:00 DEBUG 95500 --- [escala-shekinah] [nio-8081-exec-1] o.s.web.servlet.DispatcherServlet        : GET "/api/availabilities/volunteer/4", parameters={}
2026-04-29T17:25:57.023-03:00 DEBUG 95500 --- [escala-shekinah] [nio-8081-exec-7] s.w.s.m.m.a.RequestMappingHandlerMapping : Mapped to br.com.escalas.api.availability.AvailabilityController#findByVolunteer(Long)
2026-04-29T17:25:57.023-03:00 DEBUG 95500 --- [escala-shekinah] [nio-8081-exec-1] s.w.s.m.m.a.RequestMappingHandlerMapping : Mapped to br.com.escalas.api.availability.AvailabilityController#findByVolunteer(Long)
2026-04-29T17:25:57.023-03:00 DEBUG 95500 --- [escala-shekinah] [nio-8081-exec-6] o.s.web.servlet.DispatcherServlet        : GET "/api/availabilities/volunteer/1", parameters={}
2026-04-29T17:25:57.023-03:00 DEBUG 95500 --- [escala-shekinah] [nio-8081-exec-3] o.s.web.servlet.DispatcherServlet        : GET "/api/availabilities/volunteer/3", parameters={}
2026-04-29T17:25:57.023-03:00 DEBUG 95500 --- [escala-shekinah] [nio-8081-exec-3] s.w.s.m.m.a.RequestMappingHandlerMapping : Mapped to br.com.escalas.api.availability.AvailabilityController#findByVolunteer(Long)
2026-04-29T17:25:57.023-03:00 DEBUG 95500 --- [escala-shekinah] [nio-8081-exec-6] s.w.s.m.m.a.RequestMappingHandlerMapping : Mapped to br.com.escalas.api.availability.AvailabilityController#findByVolunteer(Long)
2026-04-29T17:25:57.024-03:00 DEBUG 95500 --- [escala-shekinah] [io-8081-exec-10] org.hibernate.SQL                        : 
    select
        ua1_0.id,
        ua1_0.active,
        ua1_0.created_at,
        ua1_0.password_hash,
        ua1_0.role,
        ua1_0.updated_at,
        ua1_0.username,
        ua1_0.volunteer_id 
    from
        user_accounts ua1_0 
    where
        upper(ua1_0.username)=upper(?)
2026-04-29T17:25:57.024-03:00 DEBUG 95500 --- [escala-shekinah] [nio-8081-exec-1] org.hibernate.SQL                        : 
    select
        a1_0.id,
        a1_0.created_at,
        a1_0.day_of_week,
        a1_0.status,
        a1_0.time_slot,
        a1_0.updated_at,
        a1_0.volunteer_id 
    from
        availabilities a1_0 
    join
        volunteers v1_0 
            on v1_0.id=a1_0.volunteer_id 
    where
        v1_0.id=? 
    order by
        a1_0.day_of_week,
        a1_0.time_slot
2026-04-29T17:25:57.024-03:00 DEBUG 95500 --- [escala-shekinah] [nio-8081-exec-7] org.hibernate.SQL                        : 
    select
        a1_0.id,
        a1_0.created_at,
        a1_0.day_of_week,
        a1_0.status,
        a1_0.time_slot,
        a1_0.updated_at,
        a1_0.volunteer_id 
    from
        availabilities a1_0 
    join
        volunteers v1_0 
            on v1_0.id=a1_0.volunteer_id 
    where
        v1_0.id=? 
    order by
        a1_0.day_of_week,
        a1_0.time_slot
2026-04-29T17:25:57.024-03:00 DEBUG 95500 --- [escala-shekinah] [nio-8081-exec-3] org.hibernate.SQL                        : 
    select
        a1_0.id,
        a1_0.created_at,
        a1_0.day_of_week,
        a1_0.status,
        a1_0.time_slot,
        a1_0.updated_at,
        a1_0.volunteer_id 
    from
        availabilities a1_0 
    join
        volunteers v1_0 
            on v1_0.id=a1_0.volunteer_id 
    where
        v1_0.id=? 
    order by
        a1_0.day_of_week,
        a1_0.time_slot
2026-04-29T17:25:57.024-03:00 DEBUG 95500 --- [escala-shekinah] [nio-8081-exec-6] org.hibernate.SQL                        : 
    select
        a1_0.id,
        a1_0.created_at,
        a1_0.day_of_week,
        a1_0.status,
        a1_0.time_slot,
        a1_0.updated_at,
        a1_0.volunteer_id 
    from
        availabilities a1_0 
    join
        volunteers v1_0 
            on v1_0.id=a1_0.volunteer_id 
    where
        v1_0.id=? 
    order by
        a1_0.day_of_week,
        a1_0.time_slot
2026-04-29T17:25:57.025-03:00 DEBUG 95500 --- [escala-shekinah] [nio-8081-exec-9] org.hibernate.SQL                        : 
    select
        ua1_0.id,
        ua1_0.active,
        ua1_0.created_at,
        ua1_0.password_hash,
        ua1_0.role,
        ua1_0.updated_at,
        ua1_0.username,
        ua1_0.volunteer_id 
    from
        user_accounts ua1_0 
    where
        upper(ua1_0.username)=upper(?)
2026-04-29T17:25:57.026-03:00 DEBUG 95500 --- [escala-shekinah] [nio-8081-exec-3] m.m.a.RequestResponseBodyMethodProcessor : Using 'application/json', given [*/*] and supported [application/json, application/*+json]
2026-04-29T17:25:57.026-03:00 DEBUG 95500 --- [escala-shekinah] [nio-8081-exec-6] m.m.a.RequestResponseBodyMethodProcessor : Using 'application/json', given [*/*] and supported [application/json, application/*+json]
2026-04-29T17:25:57.026-03:00 DEBUG 95500 --- [escala-shekinah] [nio-8081-exec-1] m.m.a.RequestResponseBodyMethodProcessor : Using 'application/json', given [*/*] and supported [application/json, application/*+json]
2026-04-29T17:25:57.026-03:00 DEBUG 95500 --- [escala-shekinah] [io-8081-exec-10] o.s.web.servlet.DispatcherServlet        : GET "/api/availabilities/volunteer/5", parameters={}
2026-04-29T17:25:57.026-03:00 DEBUG 95500 --- [escala-shekinah] [nio-8081-exec-7] m.m.a.RequestResponseBodyMethodProcessor : Using 'application/json', given [*/*] and supported [application/json, application/*+json]
2026-04-29T17:25:57.026-03:00 DEBUG 95500 --- [escala-shekinah] [nio-8081-exec-6] m.m.a.RequestResponseBodyMethodProcessor : Writing [[AvailabilityResponse[id=1, dayOfWeek=SUNDAY, timeSlot=MANHA, status=DISPONIVEL], AvailabilityRespon (truncated)...]
2026-04-29T17:25:57.026-03:00 DEBUG 95500 --- [escala-shekinah] [nio-8081-exec-3] m.m.a.RequestResponseBodyMethodProcessor : Writing [[AvailabilityResponse[id=4, dayOfWeek=WEDNESDAY, timeSlot=NOITE, status=DISPONIVEL]]]
2026-04-29T17:25:57.026-03:00 DEBUG 95500 --- [escala-shekinah] [nio-8081-exec-7] m.m.a.RequestResponseBodyMethodProcessor : Writing [[AvailabilityResponse[id=3, dayOfWeek=TUESDAY, timeSlot=NOITE, status=DISPONIVEL]]]
2026-04-29T17:25:57.026-03:00 DEBUG 95500 --- [escala-shekinah] [nio-8081-exec-1] m.m.a.RequestResponseBodyMethodProcessor : Writing [[AvailabilityResponse[id=5, dayOfWeek=TUESDAY, timeSlot=NOITE, status=INDISPONIVEL]]]
2026-04-29T17:25:57.026-03:00 DEBUG 95500 --- [escala-shekinah] [io-8081-exec-10] s.w.s.m.m.a.RequestMappingHandlerMapping : Mapped to br.com.escalas.api.availability.AvailabilityController#findByVolunteer(Long)
2026-04-29T17:25:57.026-03:00 DEBUG 95500 --- [escala-shekinah] [nio-8081-exec-1] o.s.web.servlet.DispatcherServlet        : Completed 200 OK
2026-04-29T17:25:57.026-03:00 DEBUG 95500 --- [escala-shekinah] [nio-8081-exec-6] o.s.web.servlet.DispatcherServlet        : Completed 200 OK
2026-04-29T17:25:57.026-03:00 DEBUG 95500 --- [escala-shekinah] [nio-8081-exec-3] o.s.web.servlet.DispatcherServlet        : Completed 200 OK
2026-04-29T17:25:57.027-03:00 DEBUG 95500 --- [escala-shekinah] [nio-8081-exec-9] o.s.web.servlet.DispatcherServlet        : GET "/api/availabilities/volunteer/6", parameters={}
2026-04-29T17:25:57.027-03:00 DEBUG 95500 --- [escala-shekinah] [nio-8081-exec-7] o.s.web.servlet.DispatcherServlet        : Completed 200 OK
2026-04-29T17:25:57.027-03:00 DEBUG 95500 --- [escala-shekinah] [nio-8081-exec-9] s.w.s.m.m.a.RequestMappingHandlerMapping : Mapped to br.com.escalas.api.availability.AvailabilityController#findByVolunteer(Long)
2026-04-29T17:25:57.028-03:00 DEBUG 95500 --- [escala-shekinah] [io-8081-exec-10] org.hibernate.SQL                        : 
    select
        a1_0.id,
        a1_0.created_at,
        a1_0.day_of_week,
        a1_0.status,
        a1_0.time_slot,
        a1_0.updated_at,
        a1_0.volunteer_id 
    from
        availabilities a1_0 
    join
        volunteers v1_0 
            on v1_0.id=a1_0.volunteer_id 
    where
        v1_0.id=? 
    order by
        a1_0.day_of_week,
        a1_0.time_slot
2026-04-29T17:25:57.028-03:00 DEBUG 95500 --- [escala-shekinah] [nio-8081-exec-9] org.hibernate.SQL                        : 
    select
        a1_0.id,
        a1_0.created_at,
        a1_0.day_of_week,
        a1_0.status,
        a1_0.time_slot,
        a1_0.updated_at,
        a1_0.volunteer_id 
    from
        availabilities a1_0 
    join
        volunteers v1_0 
            on v1_0.id=a1_0.volunteer_id 
    where
        v1_0.id=? 
    order by
        a1_0.day_of_week,
        a1_0.time_slot
2026-04-29T17:25:57.029-03:00 DEBUG 95500 --- [escala-shekinah] [nio-8081-exec-4] org.hibernate.SQL                        : 
    select
        ua1_0.id,
        ua1_0.active,
        ua1_0.created_at,
        ua1_0.password_hash,
        ua1_0.role,
        ua1_0.updated_at,
        ua1_0.username,
        ua1_0.volunteer_id 
    from
        user_accounts ua1_0 
    where
        upper(ua1_0.username)=upper(?)
2026-04-29T17:25:57.029-03:00 DEBUG 95500 --- [escala-shekinah] [nio-8081-exec-9] m.m.a.RequestResponseBodyMethodProcessor : Using 'application/json', given [*/*] and supported [application/json, application/*+json]
2026-04-29T17:25:57.029-03:00 DEBUG 95500 --- [escala-shekinah] [nio-8081-exec-9] m.m.a.RequestResponseBodyMethodProcessor : Writing [[]]
2026-04-29T17:25:57.029-03:00 DEBUG 95500 --- [escala-shekinah] [io-8081-exec-10] m.m.a.RequestResponseBodyMethodProcessor : Using 'application/json', given [*/*] and supported [application/json, application/*+json]
2026-04-29T17:25:57.029-03:00 DEBUG 95500 --- [escala-shekinah] [io-8081-exec-10] m.m.a.RequestResponseBodyMethodProcessor : Writing [[AvailabilityResponse[id=6, dayOfWeek=SUNDAY, timeSlot=NOITE, status=DISPONIVEL]]]
2026-04-29T17:25:57.029-03:00 DEBUG 95500 --- [escala-shekinah] [nio-8081-exec-9] o.s.web.servlet.DispatcherServlet        : Completed 200 OK
2026-04-29T17:25:57.029-03:00 DEBUG 95500 --- [escala-shekinah] [io-8081-exec-10] o.s.web.servlet.DispatcherServlet        : Completed 200 OK
2026-04-29T17:25:57.029-03:00 DEBUG 95500 --- [escala-shekinah] [nio-8081-exec-4] o.s.web.servlet.DispatcherServlet        : GET "/api/availabilities/volunteer/7", parameters={}
2026-04-29T17:25:57.029-03:00 DEBUG 95500 --- [escala-shekinah] [nio-8081-exec-4] s.w.s.m.m.a.RequestMappingHandlerMapping : Mapped to br.com.escalas.api.availability.AvailabilityController#findByVolunteer(Long)
2026-04-29T17:25:57.030-03:00 DEBUG 95500 --- [escala-shekinah] [nio-8081-exec-4] org.hibernate.SQL                        : 
    select
        a1_0.id,
        a1_0.created_at,
        a1_0.day_of_week,
        a1_0.status,
        a1_0.time_slot,
        a1_0.updated_at,
        a1_0.volunteer_id 
    from
        availabilities a1_0 
    join
        volunteers v1_0 
            on v1_0.id=a1_0.volunteer_id 
    where
        v1_0.id=? 
    order by
        a1_0.day_of_week,
        a1_0.time_slot
2026-04-29T17:25:57.031-03:00 DEBUG 95500 --- [escala-shekinah] [nio-8081-exec-4] m.m.a.RequestResponseBodyMethodProcessor : Using 'application/json', given [*/*] and supported [application/json, application/*+json]
2026-04-29T17:25:57.031-03:00 DEBUG 95500 --- [escala-shekinah] [nio-8081-exec-4] m.m.a.RequestResponseBodyMethodProcessor : Writing [[]]
2026-04-29T17:25:57.032-03:00 DEBUG 95500 --- [escala-shekinah] [nio-8081-exec-4] o.s.web.servlet.DispatcherServlet        : Completed 200 OK
2026-04-29T17:25:57.036-03:00 DEBUG 95500 --- [escala-shekinah] [nio-8081-exec-5] org.hibernate.SQL                        : 
    select
        ua1_0.id,
        ua1_0.active,
        ua1_0.created_at,
        ua1_0.password_hash,
        ua1_0.role,
        ua1_0.updated_at,
        ua1_0.username,
        ua1_0.volunteer_id 
    from
        user_accounts ua1_0 
    where
        upper(ua1_0.username)=upper(?)
2026-04-29T17:25:57.037-03:00 DEBUG 95500 --- [escala-shekinah] [nio-8081-exec-5] o.s.web.servlet.DispatcherServlet        : GET "/api/schedules", parameters={}
2026-04-29T17:25:57.037-03:00 DEBUG 95500 --- [escala-shekinah] [nio-8081-exec-5] s.w.s.m.m.a.RequestMappingHandlerMapping : Mapped to br.com.escalas.api.schedule.ScheduleController#findAll(LocalDate, LocalDate, Long, Long)
2026-04-29T17:25:57.039-03:00 DEBUG 95500 --- [escala-shekinah] [nio-8081-exec-5] org.hibernate.SQL                        : 
    select
        s1_0.id,
        s1_0.created_at,
        s1_0.event_name,
        s1_0.location,
        s1_0.ministry_id,
        m1_0.id,
        m1_0.active,
        m1_0.created_at,
        m1_0.description,
        m1_0.name,
        m1_0.updated_at,
        s1_0.notes,
        s1_0.role_name,
        s1_0.service_date,
        s1_0.service_time,
        s1_0.time_slot,
        s1_0.updated_at,
        s1_0.volunteer_id,
        v1_0.id,
        v1_0.active,
        v1_0.created_at,
        v1_0.email,
        v1_0.full_name,
        v1_0.notes,
        v1_0.phone,
        v1_0.updated_at,
        v1_0.username 
    from
        schedules s1_0 
    join
        ministries m1_0 
            on m1_0.id=s1_0.ministry_id 
    join
        volunteers v1_0 
            on v1_0.id=s1_0.volunteer_id
2026-04-29T17:25:57.040-03:00 DEBUG 95500 --- [escala-shekinah] [nio-8081-exec-5] org.hibernate.SQL                        : 
    select
        a1_0.id,
        a1_0.created_at,
        a1_0.day_of_week,
        a1_0.status,
        a1_0.time_slot,
        a1_0.updated_at,
        a1_0.volunteer_id 
    from
        availabilities a1_0 
    join
        volunteers v1_0 
            on v1_0.id=a1_0.volunteer_id 
    where
        v1_0.id=? 
        and a1_0.day_of_week=? 
        and a1_0.time_slot=?
2026-04-29T17:25:57.041-03:00 DEBUG 95500 --- [escala-shekinah] [nio-8081-exec-5] org.hibernate.SQL                        : 
    select
        s1_0.id 
    from
        schedules s1_0 
    join
        volunteers v1_0 
            on v1_0.id=s1_0.volunteer_id 
    where
        v1_0.id=? 
        and s1_0.service_date=? 
        and s1_0.service_time=? 
        and s1_0.id<>? 
    limit
        ?
2026-04-29T17:25:57.042-03:00 DEBUG 95500 --- [escala-shekinah] [nio-8081-exec-5] org.hibernate.SQL                        : 
    select
        m1_0.volunteer_id,
        m1_1.id,
        m1_1.active,
        m1_1.created_at,
        m1_1.description,
        m1_1.name,
        m1_1.updated_at 
    from
        volunteer_ministries m1_0 
    join
        ministries m1_1 
            on m1_1.id=m1_0.ministry_id 
    where
        m1_0.volunteer_id=?
2026-04-29T17:25:57.043-03:00 DEBUG 95500 --- [escala-shekinah] [nio-8081-exec-5] org.hibernate.SQL                        : 
    select
        a1_0.id,
        a1_0.created_at,
        a1_0.day_of_week,
        a1_0.status,
        a1_0.time_slot,
        a1_0.updated_at,
        a1_0.volunteer_id 
    from
        availabilities a1_0 
    join
        volunteers v1_0 
            on v1_0.id=a1_0.volunteer_id 
    where
        v1_0.id=? 
        and a1_0.day_of_week=? 
        and a1_0.time_slot=?
2026-04-29T17:25:57.044-03:00 DEBUG 95500 --- [escala-shekinah] [nio-8081-exec-5] org.hibernate.SQL                        : 
    select
        s1_0.id 
    from
        schedules s1_0 
    join
        volunteers v1_0 
            on v1_0.id=s1_0.volunteer_id 
    where
        v1_0.id=? 
        and s1_0.service_date=? 
        and s1_0.service_time=? 
        and s1_0.id<>? 
    limit
        ?
2026-04-29T17:25:57.045-03:00 DEBUG 95500 --- [escala-shekinah] [nio-8081-exec-5] org.hibernate.SQL                        : 
    select
        m1_0.volunteer_id,
        m1_1.id,
        m1_1.active,
        m1_1.created_at,
        m1_1.description,
        m1_1.name,
        m1_1.updated_at 
    from
        volunteer_ministries m1_0 
    join
        ministries m1_1 
            on m1_1.id=m1_0.ministry_id 
    where
        m1_0.volunteer_id=?
2026-04-29T17:25:57.046-03:00 DEBUG 95500 --- [escala-shekinah] [nio-8081-exec-5] org.hibernate.SQL                        : 
    select
        a1_0.id,
        a1_0.created_at,
        a1_0.day_of_week,
        a1_0.status,
        a1_0.time_slot,
        a1_0.updated_at,
        a1_0.volunteer_id 
    from
        availabilities a1_0 
    join
        volunteers v1_0 
            on v1_0.id=a1_0.volunteer_id 
    where
        v1_0.id=? 
        and a1_0.day_of_week=? 
        and a1_0.time_slot=?
2026-04-29T17:25:57.047-03:00 DEBUG 95500 --- [escala-shekinah] [nio-8081-exec-5] org.hibernate.SQL                        : 
    select
        s1_0.id 
    from
        schedules s1_0 
    join
        volunteers v1_0 
            on v1_0.id=s1_0.volunteer_id 
    where
        v1_0.id=? 
        and s1_0.service_date=? 
        and s1_0.service_time=? 
        and s1_0.id<>? 
    limit
        ?
2026-04-29T17:25:57.047-03:00 DEBUG 95500 --- [escala-shekinah] [nio-8081-exec-5] org.hibernate.SQL                        : 
    select
        m1_0.volunteer_id,
        m1_1.id,
        m1_1.active,
        m1_1.created_at,
        m1_1.description,
        m1_1.name,
        m1_1.updated_at 
    from
        volunteer_ministries m1_0 
    join
        ministries m1_1 
            on m1_1.id=m1_0.ministry_id 
    where
        m1_0.volunteer_id=?
2026-04-29T17:25:57.048-03:00 DEBUG 95500 --- [escala-shekinah] [nio-8081-exec-5] m.m.a.RequestResponseBodyMethodProcessor : Using 'application/json', given [*/*] and supported [application/json, application/*+json]
2026-04-29T17:25:57.048-03:00 DEBUG 95500 --- [escala-shekinah] [nio-8081-exec-5] m.m.a.RequestResponseBodyMethodProcessor : Writing [[ScheduleResponse[id=1, ministry=MinistryResponse[id=1, name=Diaconos, description=Diaconos, active= (truncated)...]
2026-04-29T17:25:57.049-03:00 DEBUG 95500 --- [escala-shekinah] [nio-8081-exec-5] o.s.web.servlet.DispatcherServlet        : Completed 200 OK
2026-04-29T17:25:57.053-03:00 DEBUG 95500 --- [escala-shekinah] [nio-8081-exec-6] org.hibernate.SQL                        : 
    select
        ua1_0.id,
        ua1_0.active,
        ua1_0.created_at,
        ua1_0.password_hash,
        ua1_0.role,
        ua1_0.updated_at,
        ua1_0.username,
        ua1_0.volunteer_id 
    from
        user_accounts ua1_0 
    where
        upper(ua1_0.username)=upper(?)
2026-04-29T17:25:57.055-03:00 DEBUG 95500 --- [escala-shekinah] [nio-8081-exec-6] o.s.web.servlet.DispatcherServlet        : GET "/api/schedules/conflicts", parameters={}
2026-04-29T17:25:57.055-03:00 DEBUG 95500 --- [escala-shekinah] [nio-8081-exec-6] s.w.s.m.m.a.RequestMappingHandlerMapping : Mapped to br.com.escalas.api.schedule.ScheduleController#findConflicts()
2026-04-29T17:25:57.056-03:00 DEBUG 95500 --- [escala-shekinah] [nio-8081-exec-6] org.hibernate.SQL                        : 
    select
        s1_0.id,
        s1_0.created_at,
        s1_0.event_name,
        s1_0.location,
        s1_0.ministry_id,
        m1_0.id,
        m1_0.active,
        m1_0.created_at,
        m1_0.description,
        m1_0.name,
        m1_0.updated_at,
        s1_0.notes,
        s1_0.role_name,
        s1_0.service_date,
        s1_0.service_time,
        s1_0.time_slot,
        s1_0.updated_at,
        s1_0.volunteer_id,
        v1_0.id,
        v1_0.active,
        v1_0.created_at,
        v1_0.email,
        v1_0.full_name,
        v1_0.notes,
        v1_0.phone,
        v1_0.updated_at,
        v1_0.username 
    from
        schedules s1_0 
    join
        ministries m1_0 
            on m1_0.id=s1_0.ministry_id 
    join
        volunteers v1_0 
            on v1_0.id=s1_0.volunteer_id
2026-04-29T17:25:57.058-03:00 DEBUG 95500 --- [escala-shekinah] [nio-8081-exec-6] org.hibernate.SQL                        : 
    select
        a1_0.id,
        a1_0.created_at,
        a1_0.day_of_week,
        a1_0.status,
        a1_0.time_slot,
        a1_0.updated_at,
        a1_0.volunteer_id 
    from
        availabilities a1_0 
    join
        volunteers v1_0 
            on v1_0.id=a1_0.volunteer_id 
    where
        v1_0.id=? 
        and a1_0.day_of_week=? 
        and a1_0.time_slot=?
2026-04-29T17:25:57.059-03:00 DEBUG 95500 --- [escala-shekinah] [nio-8081-exec-6] org.hibernate.SQL                        : 
    select
        s1_0.id 
    from
        schedules s1_0 
    join
        volunteers v1_0 
            on v1_0.id=s1_0.volunteer_id 
    where
        v1_0.id=? 
        and s1_0.service_date=? 
        and s1_0.service_time=? 
        and s1_0.id<>? 
    limit
        ?
2026-04-29T17:25:57.061-03:00 DEBUG 95500 --- [escala-shekinah] [nio-8081-exec-6] org.hibernate.SQL                        : 
    select
        a1_0.id,
        a1_0.created_at,
        a1_0.day_of_week,
        a1_0.status,
        a1_0.time_slot,
        a1_0.updated_at,
        a1_0.volunteer_id 
    from
        availabilities a1_0 
    join
        volunteers v1_0 
            on v1_0.id=a1_0.volunteer_id 
    where
        v1_0.id=? 
        and a1_0.day_of_week=? 
        and a1_0.time_slot=?
2026-04-29T17:25:57.062-03:00 DEBUG 95500 --- [escala-shekinah] [nio-8081-exec-6] org.hibernate.SQL                        : 
    select
        s1_0.id 
    from
        schedules s1_0 
    join
        volunteers v1_0 
            on v1_0.id=s1_0.volunteer_id 
    where
        v1_0.id=? 
        and s1_0.service_date=? 
        and s1_0.service_time=? 
        and s1_0.id<>? 
    limit
        ?
2026-04-29T17:25:57.063-03:00 DEBUG 95500 --- [escala-shekinah] [nio-8081-exec-6] org.hibernate.SQL                        : 
    select
        a1_0.id,
        a1_0.created_at,
        a1_0.day_of_week,
        a1_0.status,
        a1_0.time_slot,
        a1_0.updated_at,
        a1_0.volunteer_id 
    from
        availabilities a1_0 
    join
        volunteers v1_0 
            on v1_0.id=a1_0.volunteer_id 
    where
        v1_0.id=? 
        and a1_0.day_of_week=? 
        and a1_0.time_slot=?
2026-04-29T17:25:57.064-03:00 DEBUG 95500 --- [escala-shekinah] [nio-8081-exec-6] org.hibernate.SQL                        : 
    select
        s1_0.id 
    from
        schedules s1_0 
    join
        volunteers v1_0 
            on v1_0.id=s1_0.volunteer_id 
    where
        v1_0.id=? 
        and s1_0.service_date=? 
        and s1_0.service_time=? 
        and s1_0.id<>? 
    limit
        ?
2026-04-29T17:25:57.065-03:00 DEBUG 95500 --- [escala-shekinah] [nio-8081-exec-6] m.m.a.RequestResponseBodyMethodProcessor : Using 'application/json', given [*/*] and supported [application/json, application/*+json]
2026-04-29T17:25:57.065-03:00 DEBUG 95500 --- [escala-shekinah] [nio-8081-exec-6] m.m.a.RequestResponseBodyMethodProcessor : Writing [[]]
2026-04-29T17:25:57.065-03:00 DEBUG 95500 --- [escala-shekinah] [nio-8081-exec-6] o.s.web.servlet.DispatcherServlet        : Completed 200 OK
2026-04-29T17:34:34.911-03:00 DEBUG 95500 --- [escala-shekinah] [nio-8081-exec-5] org.hibernate.SQL                        : 
    select
        ua1_0.id,
        ua1_0.active,
        ua1_0.created_at,
        ua1_0.password_hash,
        ua1_0.role,
        ua1_0.updated_at,
        ua1_0.username,
        ua1_0.volunteer_id 
    from
        user_accounts ua1_0 
    where
        upper(ua1_0.username)=upper(?)
2026-04-29T17:34:34.913-03:00 DEBUG 95500 --- [escala-shekinah] [nio-8081-exec-5] o.s.web.servlet.DispatcherServlet        : GET "/api/auth/me", parameters={}
2026-04-29T17:34:34.913-03:00 DEBUG 95500 --- [escala-shekinah] [nio-8081-exec-5] s.w.s.m.m.a.RequestMappingHandlerMapping : Mapped to br.com.escalas.api.auth.AuthController#me(AuthenticatedUser)
2026-04-29T17:34:34.914-03:00 DEBUG 95500 --- [escala-shekinah] [nio-8081-exec-5] m.m.a.RequestResponseBodyMethodProcessor : Using 'application/json', given [*/*] and supported [application/json, application/*+json]
2026-04-29T17:34:34.914-03:00 DEBUG 95500 --- [escala-shekinah] [nio-8081-exec-5] m.m.a.RequestResponseBodyMethodProcessor : Writing [CurrentUserResponse[userId=1, volunteerId=null, username=admin, role=ADMIN]]
2026-04-29T17:34:34.914-03:00 DEBUG 95500 --- [escala-shekinah] [nio-8081-exec-5] o.s.web.servlet.DispatcherServlet        : Completed 200 OK
2026-04-29T17:34:34.920-03:00 DEBUG 95500 --- [escala-shekinah] [nio-8081-exec-6] org.hibernate.SQL                        : 
    select
        ua1_0.id,
        ua1_0.active,
        ua1_0.created_at,
        ua1_0.password_hash,
        ua1_0.role,
        ua1_0.updated_at,
        ua1_0.username,
        ua1_0.volunteer_id 
    from
        user_accounts ua1_0 
    where
        upper(ua1_0.username)=upper(?)
2026-04-29T17:34:34.921-03:00 DEBUG 95500 --- [escala-shekinah] [nio-8081-exec-6] o.s.web.servlet.DispatcherServlet        : GET "/api/ministries", parameters={}
2026-04-29T17:34:34.921-03:00 DEBUG 95500 --- [escala-shekinah] [nio-8081-exec-6] s.w.s.m.m.a.RequestMappingHandlerMapping : Mapped to br.com.escalas.api.ministry.MinistryController#findAll()
2026-04-29T17:34:34.922-03:00 DEBUG 95500 --- [escala-shekinah] [nio-8081-exec-6] org.hibernate.SQL                        : 
    select
        m1_0.id,
        m1_0.active,
        m1_0.created_at,
        m1_0.description,
        m1_0.name,
        m1_0.updated_at 
    from
        ministries m1_0
2026-04-29T17:34:34.924-03:00 DEBUG 95500 --- [escala-shekinah] [nio-8081-exec-6] m.m.a.RequestResponseBodyMethodProcessor : Using 'application/json', given [*/*] and supported [application/json, application/*+json]
2026-04-29T17:34:34.924-03:00 DEBUG 95500 --- [escala-shekinah] [nio-8081-exec-6] m.m.a.RequestResponseBodyMethodProcessor : Writing [[MinistryResponse[id=1, name=Diaconos, description=Diaconos, active=true], MinistryResponse[id=2, na (truncated)...]
2026-04-29T17:34:34.924-03:00 DEBUG 95500 --- [escala-shekinah] [nio-8081-exec-6] o.s.web.servlet.DispatcherServlet        : Completed 200 OK
2026-04-29T17:34:34.929-03:00 DEBUG 95500 --- [escala-shekinah] [io-8081-exec-10] org.hibernate.SQL                        : 
    select
        ua1_0.id,
        ua1_0.active,
        ua1_0.created_at,
        ua1_0.password_hash,
        ua1_0.role,
        ua1_0.updated_at,
        ua1_0.username,
        ua1_0.volunteer_id 
    from
        user_accounts ua1_0 
    where
        upper(ua1_0.username)=upper(?)
2026-04-29T17:34:34.930-03:00 DEBUG 95500 --- [escala-shekinah] [io-8081-exec-10] o.s.web.servlet.DispatcherServlet        : GET "/api/volunteers", parameters={}
2026-04-29T17:34:34.930-03:00 DEBUG 95500 --- [escala-shekinah] [io-8081-exec-10] s.w.s.m.m.a.RequestMappingHandlerMapping : Mapped to br.com.escalas.api.volunteer.VolunteerController#findAll()
2026-04-29T17:34:34.931-03:00 DEBUG 95500 --- [escala-shekinah] [io-8081-exec-10] org.hibernate.SQL                        : 
    select
        v1_0.id,
        v1_0.active,
        v1_0.created_at,
        v1_0.email,
        v1_0.full_name,
        v1_0.notes,
        v1_0.phone,
        v1_0.updated_at,
        v1_0.username 
    from
        volunteers v1_0
2026-04-29T17:34:34.932-03:00 DEBUG 95500 --- [escala-shekinah] [io-8081-exec-10] org.hibernate.SQL                        : 
    select
        m1_0.volunteer_id,
        m1_1.id,
        m1_1.active,
        m1_1.created_at,
        m1_1.description,
        m1_1.name,
        m1_1.updated_at 
    from
        volunteer_ministries m1_0 
    join
        ministries m1_1 
            on m1_1.id=m1_0.ministry_id 
    where
        m1_0.volunteer_id=?
2026-04-29T17:34:34.933-03:00 DEBUG 95500 --- [escala-shekinah] [io-8081-exec-10] org.hibernate.SQL                        : 
    select
        m1_0.volunteer_id,
        m1_1.id,
        m1_1.active,
        m1_1.created_at,
        m1_1.description,
        m1_1.name,
        m1_1.updated_at 
    from
        volunteer_ministries m1_0 
    join
        ministries m1_1 
            on m1_1.id=m1_0.ministry_id 
    where
        m1_0.volunteer_id=?
2026-04-29T17:34:34.933-03:00 DEBUG 95500 --- [escala-shekinah] [io-8081-exec-10] org.hibernate.SQL                        : 
    select
        m1_0.volunteer_id,
        m1_1.id,
        m1_1.active,
        m1_1.created_at,
        m1_1.description,
        m1_1.name,
        m1_1.updated_at 
    from
        volunteer_ministries m1_0 
    join
        ministries m1_1 
            on m1_1.id=m1_0.ministry_id 
    where
        m1_0.volunteer_id=?
2026-04-29T17:34:34.934-03:00 DEBUG 95500 --- [escala-shekinah] [io-8081-exec-10] org.hibernate.SQL                        : 
    select
        m1_0.volunteer_id,
        m1_1.id,
        m1_1.active,
        m1_1.created_at,
        m1_1.description,
        m1_1.name,
        m1_1.updated_at 
    from
        volunteer_ministries m1_0 
    join
        ministries m1_1 
            on m1_1.id=m1_0.ministry_id 
    where
        m1_0.volunteer_id=?
2026-04-29T17:34:34.934-03:00 DEBUG 95500 --- [escala-shekinah] [io-8081-exec-10] org.hibernate.SQL                        : 
    select
        m1_0.volunteer_id,
        m1_1.id,
        m1_1.active,
        m1_1.created_at,
        m1_1.description,
        m1_1.name,
        m1_1.updated_at 
    from
        volunteer_ministries m1_0 
    join
        ministries m1_1 
            on m1_1.id=m1_0.ministry_id 
    where
        m1_0.volunteer_id=?
2026-04-29T17:34:34.935-03:00 DEBUG 95500 --- [escala-shekinah] [io-8081-exec-10] org.hibernate.SQL                        : 
    select
        m1_0.volunteer_id,
        m1_1.id,
        m1_1.active,
        m1_1.created_at,
        m1_1.description,
        m1_1.name,
        m1_1.updated_at 
    from
        volunteer_ministries m1_0 
    join
        ministries m1_1 
            on m1_1.id=m1_0.ministry_id 
    where
        m1_0.volunteer_id=?
2026-04-29T17:34:34.935-03:00 DEBUG 95500 --- [escala-shekinah] [io-8081-exec-10] org.hibernate.SQL                        : 
    select
        m1_0.volunteer_id,
        m1_1.id,
        m1_1.active,
        m1_1.created_at,
        m1_1.description,
        m1_1.name,
        m1_1.updated_at 
    from
        volunteer_ministries m1_0 
    join
        ministries m1_1 
            on m1_1.id=m1_0.ministry_id 
    where
        m1_0.volunteer_id=?
2026-04-29T17:34:34.936-03:00 DEBUG 95500 --- [escala-shekinah] [io-8081-exec-10] m.m.a.RequestResponseBodyMethodProcessor : Using 'application/json', given [*/*] and supported [application/json, application/*+json]
2026-04-29T17:34:34.936-03:00 DEBUG 95500 --- [escala-shekinah] [io-8081-exec-10] m.m.a.RequestResponseBodyMethodProcessor : Writing [[VolunteerResponse[id=1, fullName=Joao Silva, username=joao, email=null, phone=null, notes=null, act (truncated)...]
2026-04-29T17:34:34.936-03:00 DEBUG 95500 --- [escala-shekinah] [io-8081-exec-10] o.s.web.servlet.DispatcherServlet        : Completed 200 OK
2026-04-29T17:34:34.942-03:00 DEBUG 95500 --- [escala-shekinah] [nio-8081-exec-1] org.hibernate.SQL                        : 
    select
        ua1_0.id,
        ua1_0.active,
        ua1_0.created_at,
        ua1_0.password_hash,
        ua1_0.role,
        ua1_0.updated_at,
        ua1_0.username,
        ua1_0.volunteer_id 
    from
        user_accounts ua1_0 
    where
        upper(ua1_0.username)=upper(?)
2026-04-29T17:34:34.943-03:00 DEBUG 95500 --- [escala-shekinah] [nio-8081-exec-1] o.s.web.servlet.DispatcherServlet        : GET "/api/availabilities/volunteer/1", parameters={}
2026-04-29T17:34:34.943-03:00 DEBUG 95500 --- [escala-shekinah] [nio-8081-exec-1] s.w.s.m.m.a.RequestMappingHandlerMapping : Mapped to br.com.escalas.api.availability.AvailabilityController#findByVolunteer(Long)
2026-04-29T17:34:34.944-03:00 DEBUG 95500 --- [escala-shekinah] [nio-8081-exec-1] org.hibernate.SQL                        : 
    select
        a1_0.id,
        a1_0.created_at,
        a1_0.day_of_week,
        a1_0.status,
        a1_0.time_slot,
        a1_0.updated_at,
        a1_0.volunteer_id 
    from
        availabilities a1_0 
    join
        volunteers v1_0 
            on v1_0.id=a1_0.volunteer_id 
    where
        v1_0.id=? 
    order by
        a1_0.day_of_week,
        a1_0.time_slot
2026-04-29T17:34:34.946-03:00 DEBUG 95500 --- [escala-shekinah] [nio-8081-exec-1] m.m.a.RequestResponseBodyMethodProcessor : Using 'application/json', given [*/*] and supported [application/json, application/*+json]
2026-04-29T17:34:34.946-03:00 DEBUG 95500 --- [escala-shekinah] [nio-8081-exec-1] m.m.a.RequestResponseBodyMethodProcessor : Writing [[AvailabilityResponse[id=1, dayOfWeek=SUNDAY, timeSlot=MANHA, status=DISPONIVEL], AvailabilityRespon (truncated)...]
2026-04-29T17:34:34.946-03:00 DEBUG 95500 --- [escala-shekinah] [nio-8081-exec-1] o.s.web.servlet.DispatcherServlet        : Completed 200 OK
2026-04-29T17:34:34.947-03:00 DEBUG 95500 --- [escala-shekinah] [nio-8081-exec-8] org.hibernate.SQL                        : 
    select
        ua1_0.id,
        ua1_0.active,
        ua1_0.created_at,
        ua1_0.password_hash,
        ua1_0.role,
        ua1_0.updated_at,
        ua1_0.username,
        ua1_0.volunteer_id 
    from
        user_accounts ua1_0 
    where
        upper(ua1_0.username)=upper(?)
2026-04-29T17:34:34.948-03:00 DEBUG 95500 --- [escala-shekinah] [nio-8081-exec-8] o.s.web.servlet.DispatcherServlet        : GET "/api/availabilities/volunteer/2", parameters={}
2026-04-29T17:34:34.948-03:00 DEBUG 95500 --- [escala-shekinah] [nio-8081-exec-8] s.w.s.m.m.a.RequestMappingHandlerMapping : Mapped to br.com.escalas.api.availability.AvailabilityController#findByVolunteer(Long)
2026-04-29T17:34:34.949-03:00 DEBUG 95500 --- [escala-shekinah] [nio-8081-exec-8] org.hibernate.SQL                        : 
    select
        a1_0.id,
        a1_0.created_at,
        a1_0.day_of_week,
        a1_0.status,
        a1_0.time_slot,
        a1_0.updated_at,
        a1_0.volunteer_id 
    from
        availabilities a1_0 
    join
        volunteers v1_0 
            on v1_0.id=a1_0.volunteer_id 
    where
        v1_0.id=? 
    order by
        a1_0.day_of_week,
        a1_0.time_slot
2026-04-29T17:34:34.949-03:00 DEBUG 95500 --- [escala-shekinah] [io-8081-exec-10] org.hibernate.SQL                        : 
    select
        ua1_0.id,
        ua1_0.active,
        ua1_0.created_at,
        ua1_0.password_hash,
        ua1_0.role,
        ua1_0.updated_at,
        ua1_0.username,
        ua1_0.volunteer_id 
    from
        user_accounts ua1_0 
    where
        upper(ua1_0.username)=upper(?)
2026-04-29T17:34:34.950-03:00 DEBUG 95500 --- [escala-shekinah] [nio-8081-exec-3] org.hibernate.SQL                        : 
    select
        ua1_0.id,
        ua1_0.active,
        ua1_0.created_at,
        ua1_0.password_hash,
        ua1_0.role,
        ua1_0.updated_at,
        ua1_0.username,
        ua1_0.volunteer_id 
    from
        user_accounts ua1_0 
    where
        upper(ua1_0.username)=upper(?)
2026-04-29T17:34:34.950-03:00 DEBUG 95500 --- [escala-shekinah] [nio-8081-exec-4] org.hibernate.SQL                        : 
    select
        ua1_0.id,
        ua1_0.active,
        ua1_0.created_at,
        ua1_0.password_hash,
        ua1_0.role,
        ua1_0.updated_at,
        ua1_0.username,
        ua1_0.volunteer_id 
    from
        user_accounts ua1_0 
    where
        upper(ua1_0.username)=upper(?)
2026-04-29T17:34:34.950-03:00 DEBUG 95500 --- [escala-shekinah] [nio-8081-exec-3] o.s.web.servlet.DispatcherServlet        : GET "/api/availabilities/volunteer/5", parameters={}
2026-04-29T17:34:34.951-03:00 DEBUG 95500 --- [escala-shekinah] [nio-8081-exec-4] o.s.web.servlet.DispatcherServlet        : GET "/api/availabilities/volunteer/4", parameters={}
2026-04-29T17:34:34.951-03:00 DEBUG 95500 --- [escala-shekinah] [io-8081-exec-10] o.s.web.servlet.DispatcherServlet        : GET "/api/availabilities/volunteer/3", parameters={}
2026-04-29T17:34:34.951-03:00 DEBUG 95500 --- [escala-shekinah] [nio-8081-exec-3] s.w.s.m.m.a.RequestMappingHandlerMapping : Mapped to br.com.escalas.api.availability.AvailabilityController#findByVolunteer(Long)
2026-04-29T17:34:34.951-03:00 DEBUG 95500 --- [escala-shekinah] [nio-8081-exec-4] s.w.s.m.m.a.RequestMappingHandlerMapping : Mapped to br.com.escalas.api.availability.AvailabilityController#findByVolunteer(Long)
2026-04-29T17:34:34.951-03:00 DEBUG 95500 --- [escala-shekinah] [nio-8081-exec-5] org.hibernate.SQL                        : 
    select
        ua1_0.id,
        ua1_0.active,
        ua1_0.created_at,
        ua1_0.password_hash,
        ua1_0.role,
        ua1_0.updated_at,
        ua1_0.username,
        ua1_0.volunteer_id 
    from
        user_accounts ua1_0 
    where
        upper(ua1_0.username)=upper(?)
2026-04-29T17:34:34.951-03:00 DEBUG 95500 --- [escala-shekinah] [io-8081-exec-10] s.w.s.m.m.a.RequestMappingHandlerMapping : Mapped to br.com.escalas.api.availability.AvailabilityController#findByVolunteer(Long)
2026-04-29T17:34:34.951-03:00 DEBUG 95500 --- [escala-shekinah] [nio-8081-exec-8] m.m.a.RequestResponseBodyMethodProcessor : Using 'application/json', given [*/*] and supported [application/json, application/*+json]
2026-04-29T17:34:34.951-03:00 DEBUG 95500 --- [escala-shekinah] [nio-8081-exec-8] m.m.a.RequestResponseBodyMethodProcessor : Writing [[AvailabilityResponse[id=3, dayOfWeek=TUESDAY, timeSlot=NOITE, status=DISPONIVEL]]]
2026-04-29T17:34:34.951-03:00 DEBUG 95500 --- [escala-shekinah] [nio-8081-exec-8] o.s.web.servlet.DispatcherServlet        : Completed 200 OK
2026-04-29T17:34:34.951-03:00 DEBUG 95500 --- [escala-shekinah] [nio-8081-exec-5] o.s.web.servlet.DispatcherServlet        : GET "/api/availabilities/volunteer/6", parameters={}
2026-04-29T17:34:34.952-03:00 DEBUG 95500 --- [escala-shekinah] [nio-8081-exec-5] s.w.s.m.m.a.RequestMappingHandlerMapping : Mapped to br.com.escalas.api.availability.AvailabilityController#findByVolunteer(Long)
2026-04-29T17:34:34.952-03:00 DEBUG 95500 --- [escala-shekinah] [nio-8081-exec-4] org.hibernate.SQL                        : 
    select
        a1_0.id,
        a1_0.created_at,
        a1_0.day_of_week,
        a1_0.status,
        a1_0.time_slot,
        a1_0.updated_at,
        a1_0.volunteer_id 
    from
        availabilities a1_0 
    join
        volunteers v1_0 
            on v1_0.id=a1_0.volunteer_id 
    where
        v1_0.id=? 
    order by
        a1_0.day_of_week,
        a1_0.time_slot
2026-04-29T17:34:34.952-03:00 DEBUG 95500 --- [escala-shekinah] [nio-8081-exec-9] org.hibernate.SQL                        : 
    select
        ua1_0.id,
        ua1_0.active,
        ua1_0.created_at,
        ua1_0.password_hash,
        ua1_0.role,
        ua1_0.updated_at,
        ua1_0.username,
        ua1_0.volunteer_id 
    from
        user_accounts ua1_0 
    where
        upper(ua1_0.username)=upper(?)
2026-04-29T17:34:34.952-03:00 DEBUG 95500 --- [escala-shekinah] [nio-8081-exec-3] org.hibernate.SQL                        : 
    select
        a1_0.id,
        a1_0.created_at,
        a1_0.day_of_week,
        a1_0.status,
        a1_0.time_slot,
        a1_0.updated_at,
        a1_0.volunteer_id 
    from
        availabilities a1_0 
    join
        volunteers v1_0 
            on v1_0.id=a1_0.volunteer_id 
    where
        v1_0.id=? 
    order by
        a1_0.day_of_week,
        a1_0.time_slot
2026-04-29T17:34:34.952-03:00 DEBUG 95500 --- [escala-shekinah] [io-8081-exec-10] org.hibernate.SQL                        : 
    select
        a1_0.id,
        a1_0.created_at,
        a1_0.day_of_week,
        a1_0.status,
        a1_0.time_slot,
        a1_0.updated_at,
        a1_0.volunteer_id 
    from
        availabilities a1_0 
    join
        volunteers v1_0 
            on v1_0.id=a1_0.volunteer_id 
    where
        v1_0.id=? 
    order by
        a1_0.day_of_week,
        a1_0.time_slot
2026-04-29T17:34:34.952-03:00 DEBUG 95500 --- [escala-shekinah] [nio-8081-exec-5] org.hibernate.SQL                        : 
    select
        a1_0.id,
        a1_0.created_at,
        a1_0.day_of_week,
        a1_0.status,
        a1_0.time_slot,
        a1_0.updated_at,
        a1_0.volunteer_id 
    from
        availabilities a1_0 
    join
        volunteers v1_0 
            on v1_0.id=a1_0.volunteer_id 
    where
        v1_0.id=? 
    order by
        a1_0.day_of_week,
        a1_0.time_slot
2026-04-29T17:34:34.953-03:00 DEBUG 95500 --- [escala-shekinah] [nio-8081-exec-9] o.s.web.servlet.DispatcherServlet        : GET "/api/availabilities/volunteer/7", parameters={}
2026-04-29T17:34:34.953-03:00 DEBUG 95500 --- [escala-shekinah] [nio-8081-exec-9] s.w.s.m.m.a.RequestMappingHandlerMapping : Mapped to br.com.escalas.api.availability.AvailabilityController#findByVolunteer(Long)
2026-04-29T17:34:34.953-03:00 DEBUG 95500 --- [escala-shekinah] [nio-8081-exec-4] m.m.a.RequestResponseBodyMethodProcessor : Using 'application/json', given [*/*] and supported [application/json, application/*+json]
2026-04-29T17:34:34.953-03:00 DEBUG 95500 --- [escala-shekinah] [io-8081-exec-10] m.m.a.RequestResponseBodyMethodProcessor : Using 'application/json', given [*/*] and supported [application/json, application/*+json]
2026-04-29T17:34:34.953-03:00 DEBUG 95500 --- [escala-shekinah] [nio-8081-exec-4] m.m.a.RequestResponseBodyMethodProcessor : Writing [[AvailabilityResponse[id=5, dayOfWeek=TUESDAY, timeSlot=NOITE, status=INDISPONIVEL]]]
2026-04-29T17:34:34.953-03:00 DEBUG 95500 --- [escala-shekinah] [nio-8081-exec-3] m.m.a.RequestResponseBodyMethodProcessor : Using 'application/json', given [*/*] and supported [application/json, application/*+json]
2026-04-29T17:34:34.953-03:00 DEBUG 95500 --- [escala-shekinah] [io-8081-exec-10] m.m.a.RequestResponseBodyMethodProcessor : Writing [[AvailabilityResponse[id=4, dayOfWeek=WEDNESDAY, timeSlot=NOITE, status=DISPONIVEL]]]
2026-04-29T17:34:34.953-03:00 DEBUG 95500 --- [escala-shekinah] [nio-8081-exec-3] m.m.a.RequestResponseBodyMethodProcessor : Writing [[AvailabilityResponse[id=6, dayOfWeek=SUNDAY, timeSlot=NOITE, status=DISPONIVEL]]]
2026-04-29T17:34:34.953-03:00 DEBUG 95500 --- [escala-shekinah] [nio-8081-exec-5] m.m.a.RequestResponseBodyMethodProcessor : Using 'application/json', given [*/*] and supported [application/json, application/*+json]
2026-04-29T17:34:34.953-03:00 DEBUG 95500 --- [escala-shekinah] [nio-8081-exec-5] m.m.a.RequestResponseBodyMethodProcessor : Writing [[]]
2026-04-29T17:34:34.953-03:00 DEBUG 95500 --- [escala-shekinah] [nio-8081-exec-5] o.s.web.servlet.DispatcherServlet        : Completed 200 OK
2026-04-29T17:34:34.953-03:00 DEBUG 95500 --- [escala-shekinah] [nio-8081-exec-3] o.s.web.servlet.DispatcherServlet        : Completed 200 OK
2026-04-29T17:34:34.953-03:00 DEBUG 95500 --- [escala-shekinah] [nio-8081-exec-9] org.hibernate.SQL                        : 
    select
        a1_0.id,
        a1_0.created_at,
        a1_0.day_of_week,
        a1_0.status,
        a1_0.time_slot,
        a1_0.updated_at,
        a1_0.volunteer_id 
    from
        availabilities a1_0 
    join
        volunteers v1_0 
            on v1_0.id=a1_0.volunteer_id 
    where
        v1_0.id=? 
    order by
        a1_0.day_of_week,
        a1_0.time_slot
2026-04-29T17:34:34.953-03:00 DEBUG 95500 --- [escala-shekinah] [nio-8081-exec-4] o.s.web.servlet.DispatcherServlet        : Completed 200 OK
2026-04-29T17:34:34.954-03:00 DEBUG 95500 --- [escala-shekinah] [io-8081-exec-10] o.s.web.servlet.DispatcherServlet        : Completed 200 OK
2026-04-29T17:34:34.955-03:00 DEBUG 95500 --- [escala-shekinah] [nio-8081-exec-9] m.m.a.RequestResponseBodyMethodProcessor : Using 'application/json', given [*/*] and supported [application/json, application/*+json]
2026-04-29T17:34:34.955-03:00 DEBUG 95500 --- [escala-shekinah] [nio-8081-exec-9] m.m.a.RequestResponseBodyMethodProcessor : Writing [[]]
2026-04-29T17:34:34.955-03:00 DEBUG 95500 --- [escala-shekinah] [nio-8081-exec-9] o.s.web.servlet.DispatcherServlet        : Completed 200 OK
2026-04-29T17:34:34.960-03:00 DEBUG 95500 --- [escala-shekinah] [nio-8081-exec-1] org.hibernate.SQL                        : 
    select
        ua1_0.id,
        ua1_0.active,
        ua1_0.created_at,
        ua1_0.password_hash,
        ua1_0.role,
        ua1_0.updated_at,
        ua1_0.username,
        ua1_0.volunteer_id 
    from
        user_accounts ua1_0 
    where
        upper(ua1_0.username)=upper(?)
2026-04-29T17:34:34.962-03:00 DEBUG 95500 --- [escala-shekinah] [nio-8081-exec-1] o.s.web.servlet.DispatcherServlet        : GET "/api/schedules", parameters={}
2026-04-29T17:34:34.962-03:00 DEBUG 95500 --- [escala-shekinah] [nio-8081-exec-1] s.w.s.m.m.a.RequestMappingHandlerMapping : Mapped to br.com.escalas.api.schedule.ScheduleController#findAll(LocalDate, LocalDate, Long, Long)
2026-04-29T17:34:34.963-03:00 DEBUG 95500 --- [escala-shekinah] [nio-8081-exec-1] org.hibernate.SQL                        : 
    select
        s1_0.id,
        s1_0.created_at,
        s1_0.event_name,
        s1_0.location,
        s1_0.ministry_id,
        m1_0.id,
        m1_0.active,
        m1_0.created_at,
        m1_0.description,
        m1_0.name,
        m1_0.updated_at,
        s1_0.notes,
        s1_0.role_name,
        s1_0.service_date,
        s1_0.service_time,
        s1_0.time_slot,
        s1_0.updated_at,
        s1_0.volunteer_id,
        v1_0.id,
        v1_0.active,
        v1_0.created_at,
        v1_0.email,
        v1_0.full_name,
        v1_0.notes,
        v1_0.phone,
        v1_0.updated_at,
        v1_0.username 
    from
        schedules s1_0 
    join
        ministries m1_0 
            on m1_0.id=s1_0.ministry_id 
    join
        volunteers v1_0 
            on v1_0.id=s1_0.volunteer_id
2026-04-29T17:34:34.966-03:00 DEBUG 95500 --- [escala-shekinah] [nio-8081-exec-1] org.hibernate.SQL                        : 
    select
        a1_0.id,
        a1_0.created_at,
        a1_0.day_of_week,
        a1_0.status,
        a1_0.time_slot,
        a1_0.updated_at,
        a1_0.volunteer_id 
    from
        availabilities a1_0 
    join
        volunteers v1_0 
            on v1_0.id=a1_0.volunteer_id 
    where
        v1_0.id=? 
        and a1_0.day_of_week=? 
        and a1_0.time_slot=?
2026-04-29T17:34:34.967-03:00 DEBUG 95500 --- [escala-shekinah] [nio-8081-exec-1] org.hibernate.SQL                        : 
    select
        s1_0.id 
    from
        schedules s1_0 
    join
        volunteers v1_0 
            on v1_0.id=s1_0.volunteer_id 
    where
        v1_0.id=? 
        and s1_0.service_date=? 
        and s1_0.service_time=? 
        and s1_0.id<>? 
    limit
        ?
2026-04-29T17:34:34.968-03:00 DEBUG 95500 --- [escala-shekinah] [nio-8081-exec-1] org.hibernate.SQL                        : 
    select
        m1_0.volunteer_id,
        m1_1.id,
        m1_1.active,
        m1_1.created_at,
        m1_1.description,
        m1_1.name,
        m1_1.updated_at 
    from
        volunteer_ministries m1_0 
    join
        ministries m1_1 
            on m1_1.id=m1_0.ministry_id 
    where
        m1_0.volunteer_id=?
2026-04-29T17:34:34.969-03:00 DEBUG 95500 --- [escala-shekinah] [nio-8081-exec-1] org.hibernate.SQL                        : 
    select
        a1_0.id,
        a1_0.created_at,
        a1_0.day_of_week,
        a1_0.status,
        a1_0.time_slot,
        a1_0.updated_at,
        a1_0.volunteer_id 
    from
        availabilities a1_0 
    join
        volunteers v1_0 
            on v1_0.id=a1_0.volunteer_id 
    where
        v1_0.id=? 
        and a1_0.day_of_week=? 
        and a1_0.time_slot=?
2026-04-29T17:34:34.970-03:00 DEBUG 95500 --- [escala-shekinah] [nio-8081-exec-1] org.hibernate.SQL                        : 
    select
        s1_0.id 
    from
        schedules s1_0 
    join
        volunteers v1_0 
            on v1_0.id=s1_0.volunteer_id 
    where
        v1_0.id=? 
        and s1_0.service_date=? 
        and s1_0.service_time=? 
        and s1_0.id<>? 
    limit
        ?
2026-04-29T17:34:34.971-03:00 DEBUG 95500 --- [escala-shekinah] [nio-8081-exec-1] org.hibernate.SQL                        : 
    select
        m1_0.volunteer_id,
        m1_1.id,
        m1_1.active,
        m1_1.created_at,
        m1_1.description,
        m1_1.name,
        m1_1.updated_at 
    from
        volunteer_ministries m1_0 
    join
        ministries m1_1 
            on m1_1.id=m1_0.ministry_id 
    where
        m1_0.volunteer_id=?
2026-04-29T17:34:34.972-03:00 DEBUG 95500 --- [escala-shekinah] [nio-8081-exec-1] org.hibernate.SQL                        : 
    select
        a1_0.id,
        a1_0.created_at,
        a1_0.day_of_week,
        a1_0.status,
        a1_0.time_slot,
        a1_0.updated_at,
        a1_0.volunteer_id 
    from
        availabilities a1_0 
    join
        volunteers v1_0 
            on v1_0.id=a1_0.volunteer_id 
    where
        v1_0.id=? 
        and a1_0.day_of_week=? 
        and a1_0.time_slot=?
2026-04-29T17:34:34.973-03:00 DEBUG 95500 --- [escala-shekinah] [nio-8081-exec-1] org.hibernate.SQL                        : 
    select
        s1_0.id 
    from
        schedules s1_0 
    join
        volunteers v1_0 
            on v1_0.id=s1_0.volunteer_id 
    where
        v1_0.id=? 
        and s1_0.service_date=? 
        and s1_0.service_time=? 
        and s1_0.id<>? 
    limit
        ?
2026-04-29T17:34:34.974-03:00 DEBUG 95500 --- [escala-shekinah] [nio-8081-exec-1] org.hibernate.SQL                        : 
    select
        m1_0.volunteer_id,
        m1_1.id,
        m1_1.active,
        m1_1.created_at,
        m1_1.description,
        m1_1.name,
        m1_1.updated_at 
    from
        volunteer_ministries m1_0 
    join
        ministries m1_1 
            on m1_1.id=m1_0.ministry_id 
    where
        m1_0.volunteer_id=?
2026-04-29T17:34:34.975-03:00 DEBUG 95500 --- [escala-shekinah] [nio-8081-exec-1] m.m.a.RequestResponseBodyMethodProcessor : Using 'application/json', given [*/*] and supported [application/json, application/*+json]
2026-04-29T17:34:34.975-03:00 DEBUG 95500 --- [escala-shekinah] [nio-8081-exec-1] m.m.a.RequestResponseBodyMethodProcessor : Writing [[ScheduleResponse[id=1, ministry=MinistryResponse[id=1, name=Diaconos, description=Diaconos, active= (truncated)...]
2026-04-29T17:34:34.975-03:00 DEBUG 95500 --- [escala-shekinah] [nio-8081-exec-1] o.s.web.servlet.DispatcherServlet        : Completed 200 OK
2026-04-29T17:34:34.979-03:00 DEBUG 95500 --- [escala-shekinah] [nio-8081-exec-7] org.hibernate.SQL                        : 
    select
        ua1_0.id,
        ua1_0.active,
        ua1_0.created_at,
        ua1_0.password_hash,
        ua1_0.role,
        ua1_0.updated_at,
        ua1_0.username,
        ua1_0.volunteer_id 
    from
        user_accounts ua1_0 
    where
        upper(ua1_0.username)=upper(?)
2026-04-29T17:34:34.981-03:00 DEBUG 95500 --- [escala-shekinah] [nio-8081-exec-7] o.s.web.servlet.DispatcherServlet        : GET "/api/schedules/conflicts", parameters={}
2026-04-29T17:34:34.981-03:00 DEBUG 95500 --- [escala-shekinah] [nio-8081-exec-7] s.w.s.m.m.a.RequestMappingHandlerMapping : Mapped to br.com.escalas.api.schedule.ScheduleController#findConflicts()
2026-04-29T17:34:34.982-03:00 DEBUG 95500 --- [escala-shekinah] [nio-8081-exec-7] org.hibernate.SQL                        : 
    select
        s1_0.id,
        s1_0.created_at,
        s1_0.event_name,
        s1_0.location,
        s1_0.ministry_id,
        m1_0.id,
        m1_0.active,
        m1_0.created_at,
        m1_0.description,
        m1_0.name,
        m1_0.updated_at,
        s1_0.notes,
        s1_0.role_name,
        s1_0.service_date,
        s1_0.service_time,
        s1_0.time_slot,
        s1_0.updated_at,
        s1_0.volunteer_id,
        v1_0.id,
        v1_0.active,
        v1_0.created_at,
        v1_0.email,
        v1_0.full_name,
        v1_0.notes,
        v1_0.phone,
        v1_0.updated_at,
        v1_0.username 
    from
        schedules s1_0 
    join
        ministries m1_0 
            on m1_0.id=s1_0.ministry_id 
    join
        volunteers v1_0 
            on v1_0.id=s1_0.volunteer_id
2026-04-29T17:34:34.984-03:00 DEBUG 95500 --- [escala-shekinah] [nio-8081-exec-7] org.hibernate.SQL                        : 
    select
        a1_0.id,
        a1_0.created_at,
        a1_0.day_of_week,
        a1_0.status,
        a1_0.time_slot,
        a1_0.updated_at,
        a1_0.volunteer_id 
    from
        availabilities a1_0 
    join
        volunteers v1_0 
            on v1_0.id=a1_0.volunteer_id 
    where
        v1_0.id=? 
        and a1_0.day_of_week=? 
        and a1_0.time_slot=?
2026-04-29T17:34:34.985-03:00 DEBUG 95500 --- [escala-shekinah] [nio-8081-exec-7] org.hibernate.SQL                        : 
    select
        s1_0.id 
    from
        schedules s1_0 
    join
        volunteers v1_0 
            on v1_0.id=s1_0.volunteer_id 
    where
        v1_0.id=? 
        and s1_0.service_date=? 
        and s1_0.service_time=? 
        and s1_0.id<>? 
    limit
        ?
2026-04-29T17:34:34.986-03:00 DEBUG 95500 --- [escala-shekinah] [nio-8081-exec-7] org.hibernate.SQL                        : 
    select
        a1_0.id,
        a1_0.created_at,
        a1_0.day_of_week,
        a1_0.status,
        a1_0.time_slot,
        a1_0.updated_at,
        a1_0.volunteer_id 
    from
        availabilities a1_0 
    join
        volunteers v1_0 
            on v1_0.id=a1_0.volunteer_id 
    where
        v1_0.id=? 
        and a1_0.day_of_week=? 
        and a1_0.time_slot=?
2026-04-29T17:34:34.987-03:00 DEBUG 95500 --- [escala-shekinah] [nio-8081-exec-7] org.hibernate.SQL                        : 
    select
        s1_0.id 
    from
        schedules s1_0 
    join
        volunteers v1_0 
            on v1_0.id=s1_0.volunteer_id 
    where
        v1_0.id=? 
        and s1_0.service_date=? 
        and s1_0.service_time=? 
        and s1_0.id<>? 
    limit
        ?
2026-04-29T17:34:34.988-03:00 DEBUG 95500 --- [escala-shekinah] [nio-8081-exec-7] org.hibernate.SQL                        : 
    select
        a1_0.id,
        a1_0.created_at,
        a1_0.day_of_week,
        a1_0.status,
        a1_0.time_slot,
        a1_0.updated_at,
        a1_0.volunteer_id 
    from
        availabilities a1_0 
    join
        volunteers v1_0 
            on v1_0.id=a1_0.volunteer_id 
    where
        v1_0.id=? 
        and a1_0.day_of_week=? 
        and a1_0.time_slot=?
2026-04-29T17:34:34.989-03:00 DEBUG 95500 --- [escala-shekinah] [nio-8081-exec-7] org.hibernate.SQL                        : 
    select
        s1_0.id 
    from
        schedules s1_0 
    join
        volunteers v1_0 
            on v1_0.id=s1_0.volunteer_id 
    where
        v1_0.id=? 
        and s1_0.service_date=? 
        and s1_0.service_time=? 
        and s1_0.id<>? 
    limit
        ?
2026-04-29T17:34:34.991-03:00 DEBUG 95500 --- [escala-shekinah] [nio-8081-exec-7] m.m.a.RequestResponseBodyMethodProcessor : Using 'application/json', given [*/*] and supported [application/json, application/*+json]
2026-04-29T17:34:34.991-03:00 DEBUG 95500 --- [escala-shekinah] [nio-8081-exec-7] m.m.a.RequestResponseBodyMethodProcessor : Writing [[]]
2026-04-29T17:34:34.991-03:00 DEBUG 95500 --- [escala-shekinah] [nio-8081-exec-7] o.s.web.servlet.DispatcherServlet        : Completed 200 OK
2026-04-29T17:38:57.705-03:00  WARN 95500 --- [escala-shekinah] [l-1:housekeeper] com.zaxxer.hikari.pool.PoolBase          : HikariPool-1 - Failed to validate connection com.mysql.cj.jdbc.ConnectionImpl@55e7ca (No operations allowed after connection closed.). Possibly consider using a shorter maxLifetime value.
2026-04-29T17:39:01.394-03:00 DEBUG 95500 --- [escala-shekinah] [nio-8081-exec-1] org.hibernate.SQL                        : 
    select
        ua1_0.id,
        ua1_0.active,
        ua1_0.created_at,
        ua1_0.password_hash,
        ua1_0.role,
        ua1_0.updated_at,
        ua1_0.username,
        ua1_0.volunteer_id 
    from
        user_accounts ua1_0 
    where
        upper(ua1_0.username)=upper(?)
2026-04-29T17:39:01.395-03:00  WARN 95500 --- [escala-shekinah] [nio-8081-exec-1] com.zaxxer.hikari.pool.PoolBase          : HikariPool-1 - Failed to validate connection com.mysql.cj.jdbc.ConnectionImpl@26e3c375 (No operations allowed after connection closed.). Possibly consider using a shorter maxLifetime value.
2026-04-29T17:39:01.395-03:00  WARN 95500 --- [escala-shekinah] [nio-8081-exec-1] com.zaxxer.hikari.pool.PoolBase          : HikariPool-1 - Failed to validate connection com.mysql.cj.jdbc.ConnectionImpl@3a00134b (No operations allowed after connection closed.). Possibly consider using a shorter maxLifetime value.
2026-04-29T17:39:01.396-03:00  WARN 95500 --- [escala-shekinah] [nio-8081-exec-1] com.zaxxer.hikari.pool.PoolBase          : HikariPool-1 - Failed to validate connection com.mysql.cj.jdbc.ConnectionImpl@5f129e95 (No operations allowed after connection closed.). Possibly consider using a shorter maxLifetime value.
2026-04-29T17:39:01.397-03:00  WARN 95500 --- [escala-shekinah] [nio-8081-exec-1] com.zaxxer.hikari.pool.PoolBase          : HikariPool-1 - Failed to validate connection com.mysql.cj.jdbc.ConnectionImpl@2d5fb3e5 (No operations allowed after connection closed.). Possibly consider using a shorter maxLifetime value.
2026-04-29T17:39:01.397-03:00  WARN 95500 --- [escala-shekinah] [nio-8081-exec-1] com.zaxxer.hikari.pool.PoolBase          : HikariPool-1 - Failed to validate connection com.mysql.cj.jdbc.ConnectionImpl@66f276ed (No operations allowed after connection closed.). Possibly consider using a shorter maxLifetime value.
2026-04-29T17:39:01.398-03:00  WARN 95500 --- [escala-shekinah] [nio-8081-exec-1] com.zaxxer.hikari.pool.PoolBase          : HikariPool-1 - Failed to validate connection com.mysql.cj.jdbc.ConnectionImpl@36aa1cbe (No operations allowed after connection closed.). Possibly consider using a shorter maxLifetime value.
2026-04-29T17:39:01.398-03:00  WARN 95500 --- [escala-shekinah] [nio-8081-exec-1] com.zaxxer.hikari.pool.PoolBase          : HikariPool-1 - Failed to validate connection com.mysql.cj.jdbc.ConnectionImpl@5a394551 (No operations allowed after connection closed.). Possibly consider using a shorter maxLifetime value.
2026-04-29T17:39:01.398-03:00  WARN 95500 --- [escala-shekinah] [nio-8081-exec-1] com.zaxxer.hikari.pool.PoolBase          : HikariPool-1 - Failed to validate connection com.mysql.cj.jdbc.ConnectionImpl@aa91568 (No operations allowed after connection closed.). Possibly consider using a shorter maxLifetime value.

C:\Users\yuri58381686\Downloads\sistema-escalas\backend>if 1073807364 EQU 0 goto mainEnd 

C:\Users\yuri58381686\Downloads\sistema-escalas\backend>rem Set variable GRADLE_EXIT_CONSOLE if you need the _script_ return code instead of 

C:\Users\yuri58381686\Downloads\sistema-escalas\backend>rem the _cmd.exe /c_ return code! 

C:\Users\yuri58381686\Downloads\sistema-escalas\backend>set EXIT_CODE=1073807364 

C:\Users\yuri58381686\Downloads\sistema-escalas\backend>if 1073807364 EQU 0 set EXIT_CODE=1 

C:\Users\yuri58381686\Downloads\sistema-escalas\backend>if not "" == "" exit 1073807364 

C:\Users\yuri58381686\Downloads\sistema-escalas\backend>exit /b 1073807364 
